date,equity,cash,open_positions,drawdown,daily_pnl,daily_return,rolling_sharpe_30d
2021-01-01,1000000.0,1000000.0,0,0.0,0.0,,
2021-01-02,1000000.0,1000000.0,0,0.0,0.0,0.0,
2021-01-03,1000000.0,1000000.0,0,0.0,0.0,0.0,
2021-01-04,1000000.0,1000000.0,0,0.0,0.0,0.0,
2021-01-05,1000000.0,1000000.0,0,0.0,0.0,0.0,
2021-01-06,1000000.0,1000000.0,0,0.0,0.0,0.0,
2021-01-07,1000000.0,1000000.0,0,0.0,0.0,0.0,
2021-01-08,1000000.0,1000000.0,0,0.0,0.0,0.0,
2021-01-09,1000000.0,1000000.0,0,0.0,0.0,0.0,
2021-01-10,1000000.0,1000000.0,0,0.0,0.0,0.0,
2021-01-11,1000000.0,1000000.0,0,0.0,0.0,0.0,
2021-01-12,1000000.0,1000000.0,0,0.0,0.0,0.0,
2021-01-13,1000000.0,1000000.0,0,0.0,0.0,0.0,
2021-01-14,1000000.0,1000000.0,0,0.0,0.0,0.0,
2021-01-15,1000000.0,1000000.0,0,0.0,0.0,0.0,
2021-01-16,1000000.0,1000000.0,0,0.0,0.0,0.0,
2021-01-17,1000000.0,1000000.0,0,0.0,0.0,0.0,
2021-01-18,1000000.0,1000000.0,0,0.0,0.0,0.0,
2021-01-19,1000000.0,1000000.0,0,0.0,0.0,0.0,
2021-01-20,1000000.0,1000000.0,0,0.0,0.0,0.0,
2021-01-21,1000000.0,1000000.0,0,0.0,0.0,0.0,
2021-01-22,1000000.0,1000000.0,0,0.0,0.0,0.0,
2021-01-23,1000000.0,1000000.0,0,0.0,0.0,0.0,
2021-01-24,1000000.0,1000000.0,0,0.0,0.0,0.0,
2021-01-25,1000000.0,1000000.0,0,0.0,0.0,0.0,
2021-01-26,1000000.0,1000000.0,0,0.0,0.0,0.0,
2021-01-27,1000000.0,1000000.0,0,0.0,0.0,0.0,
2021-01-28,1000000.0,1000000.0,0,0.0,0.0,0.0,
2021-01-29,1000000.0,1000000.0,0,0.0,0.0,0.0,
2021-01-30,1000000.0,1000000.0,0,0.0,0.0,0.0,
2021-01-31,1000000.0,1000000.0,0,0.0,0.0,0.0,
2021-02-01,1000000.0,1000000.0,0,0.0,0.0,0.0,
2021-02-02,1000000.0,1000000.0,0,0.0,0.0,0.0,
2021-02-03,1000000.0,1000000.0,0,0.0,0.0,0.0,
2021-02-04,1000000.0,1000000.0,0,0.0,0.0,0.0,
2021-02-05,1000000.0,1000000.0,0,0.0,0.0,0.0,
2021-02-06,1000000.0,1000000.0,0,0.0,0.0,0.0,
2021-02-07,1000000.0,1000000.0,0,0.0,0.0,0.0,
2021-02-08,1000000.0,1000000.0,0,0.0,0.0,0.0,
2021-02-09,1000000.0,1000000.0,0,0.0,0.0,0.0,
2021-02-10,1000000.0,1000000.0,0,0.0,0.0,0.0,
2021-02-11,1000000.0,1000000.0,0,0.0,0.0,0.0,
2021-02-12,1000000.0,1000000.0,0,0.0,0.0,0.0,
2021-02-13,1000000.0,1000000.0,0,0.0,0.0,0.0,
2021-02-14,1000000.0,1000000.0,0,0.0,0.0,0.0,
2021-02-15,1000000.0,1000000.0,0,0.0,0.0,0.0,
2021-02-16,1000000.0,1000000.0,0,0.0,0.0,0.0,
2021-02-17,1000000.0,1000000.0,0,0.0,0.0,0.0,
2021-02-18,1000000.0,1000000.0,0,0.0,0.0,0.0,
2021-02-19,1000000.0,1000000.0,0,0.0,0.0,0.0,
2021-02-20,1000000.0,1000000.0,0,0.0,0.0,0.0,
2021-02-21,1000000.0,1000000.0,0,0.0,0.0,0.0,
2021-02-22,1000000.0,1000000.0,0,0.0,0.0,0.0,
2021-02-23,1000000.0,1000000.0,0,0.0,0.0,0.0,
2021-02-24,1000000.0,1000000.0,0,0.0,0.0,0.0,
2021-02-25,1000000.0,1000000.0,0,0.0,0.0,0.0,
2021-02-26,1000000.0,1000000.0,0,0.0,0.0,0.0,
2021-02-27,1000000.0,1000000.0,0,0.0,0.0,0.0,
2021-02-28,1000000.0,1000000.0,0,0.0,0.0,0.0,
2021-03-01,1000000.0,1000000.0,0,0.0,0.0,0.0,
2021-03-02,1000000.0,1000000.0,0,0.0,0.0,0.0,
2021-03-03,1000000.0,1000000.0,0,0.0,0.0,0.0,
2021-03-04,1000000.0,1000000.0,0,0.0,0.0,0.0,
2021-03-05,1000000.0,1000000.0,0,0.0,0.0,0.0,
2021-03-06,1000000.0,1000000.0,0,0.0,0.0,0.0,
2021-03-07,1000000.0,1000000.0,0,0.0,0.0,0.0,
2021-03-08,1000000.0,1000000.0,0,0.0,0.0,0.0,
2021-03-09,1000000.0,1000000.0,0,0.0,0.0,0.0,
2021-03-10,1000000.0,1000000.0,0,0.0,0.0,0.0,
2021-03-11,1000000.0,1000000.0,0,0.0,0.0,0.0,
2021-03-12,1000000.0,1000000.0,0,0.0,0.0,0.0,
2021-03-13,1000000.0,1000000.0,0,0.0,0.0,0.0,
2021-03-14,1000000.0,1000000.0,0,0.0,0.0,0.0,
2021-03-15,1000000.0,1000000.0,0,0.0,0.0,0.0,
2021-03-16,1000000.0,1000000.0,0,0.0,0.0,0.0,
2021-03-17,1000000.0,1000000.0,0,0.0,0.0,0.0,
2021-03-18,1000000.0,1000000.0,0,0.0,0.0,0.0,
2021-03-19,1000000.0,1000000.0,0,0.0,0.0,0.0,
2021-03-20,1000000.0,1000000.0,0,0.0,0.0,0.0,
2021-03-21,1000000.0,1000000.0,0,0.0,0.0,0.0,
2021-03-22,1000000.0,1000000.0,0,0.0,0.0,0.0,
2021-03-23,1000000.0,1000000.0,0,0.0,0.0,0.0,
2021-03-24,1000000.0,1000000.0,0,0.0,0.0,0.0,
2021-03-25,1000000.0,1000000.0,0,0.0,0.0,0.0,
2021-03-26,1000000.0,1000000.0,0,0.0,0.0,0.0,
2021-03-27,1000000.0,1000965.487960019,1,0.0,0.0,0.0,
2021-03-28,973255.5341311364,973255.5341311364,0,0.027683226007477954,-26744.465868863626,-0.026744465868863587,-3.488074922742725
2021-03-29,973255.5341311364,974210.8608308109,1,0.027683226007477954,0.0,0.0,-3.488074922742725
2021-03-30,955981.5494696157,955981.5494696157,0,0.044940548931493345,-17273.98466152069,-0.017748663178105528,-4.913743645503789
2021-03-31,955981.5494696157,956960.5916919302,1,0.044940548931493345,0.0,0.0,-4.913743645503789
2021-04-01,928479.4180359249,928479.4180359249,0,0.07241615300026148,-27502.13143369078,-0.028768475133175042,-6.1316241101658555
2021-04-02,928479.4180359249,929416.5552025441,1,0.07241615300026148,0.0,0.0,-6.1316241101658555
2021-04-03,907301.4906328967,907301.4906328967,0,0.09357365309168734,-21177.92740302824,-0.0228092588717016,-7.240634925760669
2021-04-04,907301.4906328967,908341.8018754487,1,0.09357365309168734,0.0,0.0,-7.240634925760669
2021-04-05,895869.7440353297,895869.7440353297,0,0.10499437312157074,-11431.746597566991,-0.012599722050046114,-8.050018035261708
2021-04-06,895869.7440353297,896925.0761326691,1,0.10499437312157074,0.0,0.0,-8.050018035261708
2021-04-07,874053.4970285507,874053.4970285507,0,0.1267895771213018,-21816.247006778955,-0.024352030138344083,-9.051560186751772
2021-04-08,874053.4970285507,875142.7608110699,1,0.1267895771213018,0.0,0.0,-9.051560186751772
2021-04-09,870188.806014228,870188.806014228,0,0.13065054042204355,-3864.691014322685,-0.0044215726239424935,-9.390047650303663
2021-04-10,870188.806014228,871253.5823131821,1,0.13065054042204355,0.0,0.0,-9.390047650303663
2021-04-11,856617.4966876241,856617.4966876241,0,0.14420875945141529,-13571.309326603892,-0.015595821542183752,-10.269311241078325
2021-04-12,856617.4966876241,857706.8629699405,1,0.14420875945141529,0.0,0.0,-10.269311241078325
2021-04-13,841724.8418938242,841724.8418938242,0,0.15908704943537005,-14892.654793799971,-0.017385419806841496,-11.192593215706175
2021-04-14,841724.8418938242,842820.3874277829,1,0.15908704943537005,0.0,0.0,-11.192593215706175
2021-04-15,831821.1985285202,831821.1985285202,0,0.16898114017518942,-9903.643365303986,-0.011765891740846635,-11.965001706228051
2021-04-16,831821.1985285202,832834.2225706766,1,0.16898114017518942,0.0,0.0,-11.965001706228051
2021-04-17,819940.453022996,819940.453022996,0,0.1808504260281286,-11880.745505524217,-0.014282811650557892,-12.847242686705103
2021-04-18,819940.453022996,820889.720125133,1,0.1808504260281286,0.0,0.0,-12.847242686705103
2021-04-19,815034.8899887679,815034.8899887679,0,0.18575125736870324,-4905.563034228049,-0.005982828406797092,-13.345040144301029
2021-04-20,815034.8899887679,815892.6170898878,1,0.18575125736870324,0.0,0.0,-13.345040144301029
2021-04-21,808765.41484705,808765.41484705,0,0.19201468524621698,-6269.475141717936,-0.007692278230940985,-13.97294049797755
2021-04-22,808765.41484705,809616.2861123635,1,0.19201468524621698,0.0,0.0,-13.97294049797755
2021-04-23,796840.5159641611,796840.5159641611,0,0.20392808188808517,-11924.89888288884,-0.014744570754356534,-14.943250079131433
2021-04-24,796840.5159641611,796840.5159641611,0,0.20392808188808517,0.0,0.0,-14.943250079131433
2021-04-25,796840.5159641611,796840.5159641611,0,0.20392808188808517,0.0,0.0,-14.943250079131433
2021-04-26,796840.5159641611,796840.5159641611,0,0.20392808188808517,0.0,0.0,-14.943250079131433
2021-04-27,796840.5159641611,796840.5159641611,0,0.20392808188808517,0.0,0.0,-14.090818280011673
2021-04-28,796840.5159641611,796840.5159641611,0,0.20392808188808517,0.0,0.0,-14.090818280011673
2021-04-29,796840.5159641611,796840.5159641611,0,0.20392808188808517,0.0,0.0,-13.08742828326403
2021-04-30,796840.5159641611,796840.5159641611,0,0.20392808188808517,0.0,0.0,-13.08742828326403
2021-05-01,796840.5159641611,796840.5159641611,0,0.20392808188808517,0.0,0.0,-12.518809353955605
2021-05-02,796840.5159641611,796840.5159641611,0,0.20392808188808517,0.0,0.0,-12.518809353955605
2021-05-03,796840.5159641611,796840.5159641611,0,0.20392808188808517,0.0,0.0,-11.730411167992107
2021-05-04,796840.5159641611,796840.5159641611,0,0.20392808188808517,0.0,0.0,-11.730411167992107
2021-05-05,796840.5159641611,796840.5159641611,0,0.20392808188808517,0.0,0.0,-10.797758650062285
2021-05-06,796840.5159641611,796840.5159641611,0,0.20392808188808517,0.0,0.0,-10.797758650062285
2021-05-07,796840.5159641611,796840.5159641611,0,0.20392808188808517,0.0,0.0,-10.284622497580541
2021-05-08,796840.5159641611,796840.5159641611,0,0.20392808188808517,0.0,0.0,-10.284622497580541
2021-05-09,796840.5159641611,796840.5159641611,0,0.20392808188808517,0.0,0.0,-9.75396224749324
2021-05-10,796840.5159641611,796840.5159641611,0,0.20392808188808517,0.0,0.0,-9.75396224749324
2021-05-11,796840.5159641611,796840.5159641611,0,0.20392808188808517,0.0,0.0,-8.795309314016158
2021-05-12,796840.5159641611,796840.5159641611,0,0.20392808188808517,0.0,0.0,-8.795309314016158
2021-05-13,796840.5159641611,796840.5159641611,0,0.20392808188808517,0.0,0.0,-7.9225815509453215
2021-05-14,796840.5159641611,796840.5159641611,0,0.20392808188808517,0.0,0.0,-7.9225815509453215
2021-05-15,796840.5159641611,796840.5159641611,0,0.20392808188808517,0.0,0.0,-6.86109754749969
2021-05-16,796840.5159641611,796840.5159641611,0,0.20392808188808517,0.0,0.0,-6.86109754749969
2021-05-17,796840.5159641611,796840.5159641611,0,0.20392808188808517,0.0,0.0,-5.768753607954564
2021-05-18,796840.5159641611,796840.5159641611,0,0.20392808188808517,0.0,0.0,-5.768753607954564
2021-05-19,796840.5159641611,796840.5159641611,0,0.20392808188808517,0.0,0.0,-4.773888060128866
2021-05-20,796840.5159641611,796840.5159641611,0,0.20392808188808517,0.0,0.0,-4.773888060128866
2021-05-21,796840.5159641611,796840.5159641611,0,0.20392808188808517,0.0,0.0,-3.4880749227427312
2021-05-22,796840.5159641611,796840.5159641611,0,0.20392808188808517,0.0,0.0,-3.4880749227427312
2021-05-23,796840.5159641611,796840.5159641611,0,0.20392808188808517,0.0,0.0,
2021-05-24,796840.5159641611,796840.5159641611,0,0.20392808188808517,0.0,0.0,
2021-05-25,796840.5159641611,796840.5159641611,0,0.20392808188808517,0.0,0.0,
2021-05-26,796840.5159641611,796840.5159641611,0,0.20392808188808517,0.0,0.0,
2021-05-27,796840.5159641611,796840.5159641611,0,0.20392808188808517,0.0,0.0,
2021-05-28,796840.5159641611,796840.5159641611,0,0.20392808188808517,0.0,0.0,
2021-05-29,796840.5159641611,796840.5159641611,0,0.20392808188808517,0.0,0.0,
2021-05-30,796840.5159641611,796840.5159641611,0,0.20392808188808517,0.0,0.0,
2021-05-31,796840.5159641611,796840.5159641611,0,0.20392808188808517,0.0,0.0,
2021-06-01,796840.5159641611,796840.5159641611,0,0.20392808188808517,0.0,0.0,
2021-06-02,796840.5159641611,796840.5159641611,0,0.20392808188808517,0.0,0.0,
2021-06-03,796840.5159641611,796840.5159641611,0,0.20392808188808517,0.0,0.0,
2021-06-04,796840.5159641611,796840.5159641611,0,0.20392808188808517,0.0,0.0,
2021-06-05,796840.5159641611,796840.5159641611,0,0.20392808188808517,0.0,0.0,
2021-06-06,796840.5159641611,796840.5159641611,0,0.20392808188808517,0.0,0.0,
2021-06-07,796840.5159641611,796840.5159641611,0,0.20392808188808517,0.0,0.0,
2021-06-08,796840.5159641611,796840.5159641611,0,0.20392808188808517,0.0,0.0,
2021-06-09,796840.5159641611,796840.5159641611,0,0.20392808188808517,0.0,0.0,
2021-06-10,796840.5159641611,796840.5159641611,0,0.20392808188808517,0.0,0.0,
2021-06-11,796840.5159641611,796840.5159641611,0,0.20392808188808517,0.0,0.0,
2021-06-12,796840.5159641611,796840.5159641611,0,0.20392808188808517,0.0,0.0,
2021-06-13,796840.5159641611,796840.5159641611,0,0.20392808188808517,0.0,0.0,
2021-06-14,796840.5159641611,796840.5159641611,0,0.20392808188808517,0.0,0.0,
2021-06-15,796840.5159641611,796840.5159641611,0,0.20392808188808517,0.0,0.0,
2021-06-16,796840.5159641611,796840.5159641611,0,0.20392808188808517,0.0,0.0,
2021-06-17,796840.5159641611,796840.5159641611,0,0.20392808188808517,0.0,0.0,
2021-06-18,796840.5159641611,796840.5159641611,0,0.20392808188808517,0.0,0.0,
2021-06-19,796840.5159641611,796840.5159641611,0,0.20392808188808517,0.0,0.0,
2021-06-20,796840.5159641611,796840.5159641611,0,0.20392808188808517,0.0,0.0,
2021-06-21,796840.5159641611,796840.5159641611,0,0.20392808188808517,0.0,0.0,
2021-06-22,796840.5159641611,796840.5159641611,0,0.20392808188808517,0.0,0.0,
2021-06-23,796840.5159641611,796840.5159641611,0,0.20392808188808517,0.0,0.0,
2021-06-24,796840.5159641611,796840.5159641611,0,0.20392808188808517,0.0,0.0,
2021-06-25,796840.5159641611,796840.5159641611,0,0.20392808188808517,0.0,0.0,
2021-06-26,796840.5159641611,796840.5159641611,0,0.20392808188808517,0.0,0.0,
2021-06-27,796840.5159641611,796840.5159641611,0,0.20392808188808517,0.0,0.0,
2021-06-28,796840.5159641611,796840.5159641611,0,0.20392808188808517,0.0,0.0,
2021-06-29,796840.5159641611,796840.5159641611,0,0.20392808188808517,0.0,0.0,
2021-06-30,796840.5159641611,796840.5159641611,0,0.20392808188808517,0.0,0.0,
2021-07-01,796840.5159641611,796840.5159641611,0,0.20392808188808517,0.0,0.0,
2021-07-02,796840.5159641611,796840.5159641611,0,0.20392808188808517,0.0,0.0,
2021-07-03,796840.5159641611,796840.5159641611,0,0.20392808188808517,0.0,0.0,
2021-07-04,796840.5159641611,796840.5159641611,0,0.20392808188808517,0.0,0.0,
2021-07-05,796840.5159641611,796840.5159641611,0,0.20392808188808517,0.0,0.0,
2021-07-06,796840.5159641611,796840.5159641611,0,0.20392808188808517,0.0,0.0,
2021-07-07,796840.5159641611,796840.5159641611,0,0.20392808188808517,0.0,0.0,
2021-07-08,796840.5159641611,796840.5159641611,0,0.20392808188808517,0.0,0.0,
2021-07-09,796840.5159641611,796840.5159641611,0,0.20392808188808517,0.0,0.0,
2021-07-10,796840.5159641611,796840.5159641611,0,0.20392808188808517,0.0,0.0,
2021-07-11,796840.5159641611,796840.5159641611,0,0.20392808188808517,0.0,0.0,
2021-07-12,796840.5159641611,796840.5159641611,0,0.20392808188808517,0.0,0.0,
2021-07-13,796840.5159641611,796840.5159641611,0,0.20392808188808517,0.0,0.0,
2021-07-14,796840.5159641611,796840.5159641611,0,0.20392808188808517,0.0,0.0,
2021-07-15,796840.5159641611,796840.5159641611,0,0.20392808188808517,0.0,0.0,
2021-07-16,796840.5159641611,796840.5159641611,0,0.20392808188808517,0.0,0.0,
2021-07-17,796840.5159641611,796840.5159641611,0,0.20392808188808517,0.0,0.0,
2021-07-18,796840.5159641611,796840.5159641611,0,0.20392808188808517,0.0,0.0,
2021-07-19,796840.5159641611,796840.5159641611,0,0.20392808188808517,0.0,0.0,
2021-07-20,796840.5159641611,796840.5159641611,0,0.20392808188808517,0.0,0.0,
2021-07-21,796840.5159641611,796840.5159641611,0,0.20392808188808517,0.0,0.0,
2021-07-22,796840.5159641611,796840.5159641611,0,0.20392808188808517,0.0,0.0,
2021-07-23,796840.5159641611,796840.5159641611,0,0.20392808188808517,0.0,0.0,
2021-07-24,796840.5159641611,796840.5159641611,0,0.20392808188808517,0.0,0.0,
2021-07-25,796840.5159641611,796840.5159641611,0,0.20392808188808517,0.0,0.0,
2021-07-26,796840.5159641611,796840.5159641611,0,0.20392808188808517,0.0,0.0,
2021-07-27,796840.5159641611,796840.5159641611,0,0.20392808188808517,0.0,0.0,
2021-07-28,796840.5159641611,796840.5159641611,0,0.20392808188808517,0.0,0.0,
2021-07-29,796840.5159641611,796840.5159641611,0,0.20392808188808517,0.0,0.0,
2021-07-30,796840.5159641611,796840.5159641611,0,0.20392808188808517,0.0,0.0,
2021-07-31,796840.5159641611,796840.5159641611,0,0.20392808188808517,0.0,0.0,
2021-08-01,796840.5159641611,796840.5159641611,0,0.20392808188808517,0.0,0.0,
2021-08-02,796840.5159641611,796840.5159641611,0,0.20392808188808517,0.0,0.0,
2021-08-03,796840.5159641611,796840.5159641611,0,0.20392808188808517,0.0,0.0,
2021-08-04,796840.5159641611,796840.5159641611,0,0.20392808188808517,0.0,0.0,
2021-08-05,796840.5159641611,796840.5159641611,0,0.20392808188808517,0.0,0.0,
2021-08-06,796840.5159641611,796840.5159641611,0,0.20392808188808517,0.0,0.0,
2021-08-07,796840.5159641611,796840.5159641611,0,0.20392808188808517,0.0,0.0,
2021-08-08,796840.5159641611,796840.5159641611,0,0.20392808188808517,0.0,0.0,
2021-08-09,796840.5159641611,796840.5159641611,0,0.20392808188808517,0.0,0.0,
2021-08-10,796840.5159641611,796840.5159641611,0,0.20392808188808517,0.0,0.0,
2021-08-11,796840.5159641611,796840.5159641611,0,0.20392808188808517,0.0,0.0,
2021-08-12,796840.5159641611,796840.5159641611,0,0.20392808188808517,0.0,0.0,
2021-08-13,796840.5159641611,796840.5159641611,0,0.20392808188808517,0.0,0.0,
2021-08-14,796840.5159641611,796840.5159641611,0,0.20392808188808517,0.0,0.0,
2021-08-15,796840.5159641611,796840.5159641611,0,0.20392808188808517,0.0,0.0,
2021-08-16,796840.5159641611,796840.5159641611,0,0.20392808188808517,0.0,0.0,
2021-08-17,796840.5159641611,796840.5159641611,0,0.20392808188808517,0.0,0.0,
2021-08-18,796840.5159641611,796840.5159641611,0,0.20392808188808517,0.0,0.0,
2021-08-19,796840.5159641611,796840.5159641611,0,0.20392808188808517,0.0,0.0,
2021-08-20,796840.5159641611,796840.5159641611,0,0.20392808188808517,0.0,0.0,
2021-08-21,796840.5159641611,796840.5159641611,0,0.20392808188808517,0.0,0.0,
2021-08-22,796840.5159641611,796840.5159641611,0,0.20392808188808517,0.0,0.0,
2021-08-23,796840.5159641611,796840.5159641611,0,0.20392808188808517,0.0,0.0,
2021-08-24,796840.5159641611,796840.5159641611,0,0.20392808188808517,0.0,0.0,
2021-08-25,796840.5159641611,796840.5159641611,0,0.20392808188808517,0.0,0.0,
2021-08-26,796840.5159641611,796840.5159641611,0,0.20392808188808517,0.0,0.0,
2021-08-27,796840.5159641611,796840.5159641611,0,0.20392808188808517,0.0,0.0,
2021-08-28,796840.5159641611,796840.5159641611,0,0.20392808188808517,0.0,0.0,
2021-08-29,796840.5159641611,796840.5159641611,0,0.20392808188808517,0.0,0.0,
2021-08-30,796840.5159641611,796840.5159641611,0,0.20392808188808517,0.0,0.0,
2021-08-31,796840.5159641611,796840.5159641611,0,0.20392808188808517,0.0,0.0,
2021-09-01,796840.5159641611,796840.5159641611,0,0.20392808188808517,0.0,0.0,
2021-09-02,796840.5159641611,796840.5159641611,0,0.20392808188808517,0.0,0.0,
2021-09-03,796840.5159641611,796840.5159641611,0,0.20392808188808517,0.0,0.0,
2021-09-04,796840.5159641611,796840.5159641611,0,0.20392808188808517,0.0,0.0,
2021-09-05,796840.5159641611,796840.5159641611,0,0.20392808188808517,0.0,0.0,
2021-09-06,796840.5159641611,796840.5159641611,0,0.20392808188808517,0.0,0.0,
2021-09-07,796840.5159641611,796840.5159641611,0,0.20392808188808517,0.0,0.0,
2021-09-08,796840.5159641611,796840.5159641611,0,0.20392808188808517,0.0,0.0,
2021-09-09,796840.5159641611,796840.5159641611,0,0.20392808188808517,0.0,0.0,
2021-09-10,796840.5159641611,796840.5159641611,0,0.20392808188808517,0.0,0.0,
2021-09-11,796840.5159641611,796840.5159641611,0,0.20392808188808517,0.0,0.0,
2021-09-12,796840.5159641611,796840.5159641611,0,0.20392808188808517,0.0,0.0,
2021-09-13,796840.5159641611,796840.5159641611,0,0.20392808188808517,0.0,0.0,
2021-09-14,796840.5159641611,796840.5159641611,0,0.20392808188808517,0.0,0.0,
2021-09-15,796840.5159641611,796840.5159641611,0,0.20392808188808517,0.0,0.0,
2021-09-16,796840.5159641611,796840.5159641611,0,0.20392808188808517,0.0,0.0,
2021-09-17,796840.5159641611,796840.5159641611,0,0.20392808188808517,0.0,0.0,
2021-09-18,796840.5159641611,796840.5159641611,0,0.20392808188808517,0.0,0.0,
2021-09-19,796840.5159641611,796840.5159641611,0,0.20392808188808517,0.0,0.0,
2021-09-20,796840.5159641611,796840.5159641611,0,0.20392808188808517,0.0,0.0,
2021-09-21,796840.5159641611,796840.5159641611,0,0.20392808188808517,0.0,0.0,
2021-09-22,796840.5159641611,796840.5159641611,0,0.20392808188808517,0.0,0.0,
2021-09-23,796840.5159641611,796840.5159641611,0,0.20392808188808517,0.0,0.0,
2021-09-24,796840.5159641611,796840.5159641611,0,0.20392808188808517,0.0,0.0,
2021-09-25,796840.5159641611,796840.5159641611,0,0.20392808188808517,0.0,0.0,
2021-09-26,796840.5159641611,796840.5159641611,0,0.20392808188808517,0.0,0.0,
2021-09-27,796840.5159641611,796840.5159641611,0,0.20392808188808517,0.0,0.0,
2021-09-28,796840.5159641611,796840.5159641611,0,0.20392808188808517,0.0,0.0,
2021-09-29,796840.5159641611,796840.5159641611,0,0.20392808188808517,0.0,0.0,
2021-09-30,796840.5159641611,796840.5159641611,0,0.20392808188808517,0.0,0.0,
2021-10-01,796840.5159641611,796840.5159641611,0,0.20392808188808517,0.0,0.0,
2021-10-02,796840.5159641611,796840.5159641611,0,0.20392808188808517,0.0,0.0,
2021-10-03,796840.5159641611,796840.5159641611,0,0.20392808188808517,0.0,0.0,
2021-10-04,796840.5159641611,796840.5159641611,0,0.20392808188808517,0.0,0.0,
2021-10-05,796840.5159641611,796840.5159641611,0,0.20392808188808517,0.0,0.0,
2021-10-06,796840.5159641611,796840.5159641611,0,0.20392808188808517,0.0,0.0,
2021-10-07,796840.5159641611,796840.5159641611,0,0.20392808188808517,0.0,0.0,
2021-10-08,796840.5159641611,796840.5159641611,0,0.20392808188808517,0.0,0.0,
2021-10-09,796840.5159641611,796840.5159641611,0,0.20392808188808517,0.0,0.0,
2021-10-10,796840.5159641611,796840.5159641611,0,0.20392808188808517,0.0,0.0,
2021-10-11,796840.5159641611,796840.5159641611,0,0.20392808188808517,0.0,0.0,
2021-10-12,796840.5159641611,796840.5159641611,0,0.20392808188808517,0.0,0.0,
2021-10-13,796840.5159641611,796840.5159641611,0,0.20392808188808517,0.0,0.0,
2021-10-14,796840.5159641611,796840.5159641611,0,0.20392808188808517,0.0,0.0,
2021-10-15,796840.5159641611,796840.5159641611,0,0.20392808188808517,0.0,0.0,
2021-10-16,796840.5159641611,796840.5159641611,0,0.20392808188808517,0.0,0.0,
2021-10-17,796840.5159641611,796840.5159641611,0,0.20392808188808517,0.0,0.0,
2021-10-18,796840.5159641611,796840.5159641611,0,0.20392808188808517,0.0,0.0,
2021-10-19,796840.5159641611,796840.5159641611,0,0.20392808188808517,0.0,0.0,
2021-10-20,796840.5159641611,796840.5159641611,0,0.20392808188808517,0.0,0.0,
2021-10-21,796840.5159641611,796840.5159641611,0,0.20392808188808517,0.0,0.0,
2021-10-22,796840.5159641611,796840.5159641611,0,0.20392808188808517,0.0,0.0,
2021-10-23,796840.5159641611,796840.5159641611,0,0.20392808188808517,0.0,0.0,
2021-10-24,796840.5159641611,796840.5159641611,0,0.20392808188808517,0.0,0.0,
2021-10-25,796840.5159641611,796840.5159641611,0,0.20392808188808517,0.0,0.0,
2021-10-26,796840.5159641611,796840.5159641611,0,0.20392808188808517,0.0,0.0,
2021-10-27,796840.5159641611,796840.5159641611,0,0.20392808188808517,0.0,0.0,
2021-10-28,796840.5159641611,796840.5159641611,0,0.20392808188808517,0.0,0.0,
2021-10-29,796840.5159641611,796840.5159641611,0,0.20392808188808517,0.0,0.0,
2021-10-30,796840.5159641611,796840.5159641611,0,0.20392808188808517,0.0,0.0,
2021-10-31,796840.5159641611,796840.5159641611,0,0.20392808188808517,0.0,0.0,
2021-11-01,796840.5159641611,796840.5159641611,0,0.20392808188808517,0.0,0.0,
2021-11-02,796840.5159641611,796840.5159641611,0,0.20392808188808517,0.0,0.0,
2021-11-03,796840.5159641611,796840.5159641611,0,0.20392808188808517,0.0,0.0,
2021-11-04,796840.5159641611,796840.5159641611,0,0.20392808188808517,0.0,0.0,
2021-11-05,796840.5159641611,796840.5159641611,0,0.20392808188808517,0.0,0.0,
2021-11-06,796840.5159641611,796840.5159641611,0,0.20392808188808517,0.0,0.0,
2021-11-07,796840.5159641611,796840.5159641611,0,0.20392808188808517,0.0,0.0,
2021-11-08,796840.5159641611,796840.5159641611,0,0.20392808188808517,0.0,0.0,
2021-11-09,796840.5159641611,796840.5159641611,0,0.20392808188808517,0.0,0.0,
2021-11-10,796840.5159641611,796840.5159641611,0,0.20392808188808517,0.0,0.0,
2021-11-11,796840.5159641611,796840.5159641611,0,0.20392808188808517,0.0,0.0,
2021-11-12,796840.5159641611,796840.5159641611,0,0.20392808188808517,0.0,0.0,
2021-11-13,796840.5159641611,796840.5159641611,0,0.20392808188808517,0.0,0.0,
2021-11-14,796840.5159641611,796840.5159641611,0,0.20392808188808517,0.0,0.0,
2021-11-15,796840.5159641611,796840.5159641611,0,0.20392808188808517,0.0,0.0,
2021-11-16,796840.5159641611,796840.5159641611,0,0.20392808188808517,0.0,0.0,
2021-11-17,796840.5159641611,796840.5159641611,0,0.20392808188808517,0.0,0.0,
2021-11-18,796840.5159641611,796840.5159641611,0,0.20392808188808517,0.0,0.0,
2021-11-19,796840.5159641611,796840.5159641611,0,0.20392808188808517,0.0,0.0,
2021-11-20,796840.5159641611,796840.5159641611,0,0.20392808188808517,0.0,0.0,
2021-11-21,796840.5159641611,796840.5159641611,0,0.20392808188808517,0.0,0.0,
2021-11-22,796840.5159641611,796840.5159641611,0,0.20392808188808517,0.0,0.0,
2021-11-23,796840.5159641611,796840.5159641611,0,0.20392808188808517,0.0,0.0,
2021-11-24,796840.5159641611,796840.5159641611,0,0.20392808188808517,0.0,0.0,
2021-11-25,796840.5159641611,796840.5159641611,0,0.20392808188808517,0.0,0.0,
2021-11-26,796840.5159641611,796840.5159641611,0,0.20392808188808517,0.0,0.0,
2021-11-27,796840.5159641611,796840.5159641611,0,0.20392808188808517,0.0,0.0,
2021-11-28,796840.5159641611,796840.5159641611,0,0.20392808188808517,0.0,0.0,
2021-11-29,796840.5159641611,796840.5159641611,0,0.20392808188808517,0.0,0.0,
2021-11-30,796840.5159641611,796840.5159641611,0,0.20392808188808517,0.0,0.0,
2021-12-01,796840.5159641611,796840.5159641611,0,0.20392808188808517,0.0,0.0,
2021-12-02,796840.5159641611,796840.5159641611,0,0.20392808188808517,0.0,0.0,
2021-12-03,796840.5159641611,796840.5159641611,0,0.20392808188808517,0.0,0.0,
2021-12-04,796840.5159641611,796840.5159641611,0,0.20392808188808517,0.0,0.0,
2021-12-05,796840.5159641611,796840.5159641611,0,0.20392808188808517,0.0,0.0,
2021-12-06,796840.5159641611,796840.5159641611,0,0.20392808188808517,0.0,0.0,
2021-12-07,796840.5159641611,796840.5159641611,0,0.20392808188808517,0.0,0.0,
2021-12-08,796840.5159641611,796840.5159641611,0,0.20392808188808517,0.0,0.0,
2021-12-09,796840.5159641611,796840.5159641611,0,0.20392808188808517,0.0,0.0,
2021-12-10,796840.5159641611,796840.5159641611,0,0.20392808188808517,0.0,0.0,
2021-12-11,796840.5159641611,796840.5159641611,0,0.20392808188808517,0.0,0.0,
2021-12-12,796840.5159641611,796840.5159641611,0,0.20392808188808517,0.0,0.0,
2021-12-13,796840.5159641611,796840.5159641611,0,0.20392808188808517,0.0,0.0,
2021-12-14,796840.5159641611,796840.5159641611,0,0.20392808188808517,0.0,0.0,
2021-12-15,796840.5159641611,796840.5159641611,0,0.20392808188808517,0.0,0.0,
2021-12-16,796840.5159641611,796840.5159641611,0,0.20392808188808517,0.0,0.0,
2021-12-17,796840.5159641611,796840.5159641611,0,0.20392808188808517,0.0,0.0,
2021-12-18,796840.5159641611,796840.5159641611,0,0.20392808188808517,0.0,0.0,
2021-12-19,796840.5159641611,796840.5159641611,0,0.20392808188808517,0.0,0.0,
2021-12-20,796840.5159641611,796840.5159641611,0,0.20392808188808517,0.0,0.0,
2021-12-21,796840.5159641611,796840.5159641611,0,0.20392808188808517,0.0,0.0,
2021-12-22,796840.5159641611,796840.5159641611,0,0.20392808188808517,0.0,0.0,
2021-12-23,796840.5159641611,796840.5159641611,0,0.20392808188808517,0.0,0.0,
2021-12-24,796840.5159641611,796840.5159641611,0,0.20392808188808517,0.0,0.0,
2021-12-25,796840.5159641611,796840.5159641611,0,0.20392808188808517,0.0,0.0,
2021-12-26,796840.5159641611,796840.5159641611,0,0.20392808188808517,0.0,0.0,
2021-12-27,796840.5159641611,796840.5159641611,0,0.20392808188808517,0.0,0.0,
2021-12-28,796840.5159641611,796840.5159641611,0,0.20392808188808517,0.0,0.0,
2021-12-29,796840.5159641611,796840.5159641611,0,0.20392808188808517,0.0,0.0,
2021-12-30,796840.5159641611,796840.5159641611,0,0.20392808188808517,0.0,0.0,
2021-12-31,796840.5159641611,796840.5159641611,0,0.20392808188808517,0.0,0.0,
2022-01-01,796840.5159641611,796840.5159641611,0,0.20392808188808517,0.0,0.0,
2022-01-02,796840.5159641611,796840.5159641611,0,0.20392808188808517,0.0,0.0,
2022-01-03,796840.5159641611,796840.5159641611,0,0.20392808188808517,0.0,0.0,
2022-01-04,796840.5159641611,796840.5159641611,0,0.20392808188808517,0.0,0.0,
2022-01-05,796840.5159641611,796840.5159641611,0,0.20392808188808517,0.0,0.0,
2022-01-06,796840.5159641611,796840.5159641611,0,0.20392808188808517,0.0,0.0,
2022-01-07,796840.5159641611,796840.5159641611,0,0.20392808188808517,0.0,0.0,
2022-01-08,796840.5159641611,796840.5159641611,0,0.20392808188808517,0.0,0.0,
2022-01-09,796840.5159641611,796840.5159641611,0,0.20392808188808517,0.0,0.0,
2022-01-10,796840.5159641611,796840.5159641611,0,0.20392808188808517,0.0,0.0,
2022-01-11,796840.5159641611,796840.5159641611,0,0.20392808188808517,0.0,0.0,
2022-01-12,796840.5159641611,796840.5159641611,0,0.20392808188808517,0.0,0.0,
2022-01-13,796840.5159641611,796840.5159641611,0,0.20392808188808517,0.0,0.0,
2022-01-14,796840.5159641611,796840.5159641611,0,0.20392808188808517,0.0,0.0,
2022-01-15,796840.5159641611,796840.5159641611,0,0.20392808188808517,0.0,0.0,
2022-01-16,796840.5159641611,796840.5159641611,0,0.20392808188808517,0.0,0.0,
2022-01-17,796840.5159641611,796840.5159641611,0,0.20392808188808517,0.0,0.0,
2022-01-18,796840.5159641611,796840.5159641611,0,0.20392808188808517,0.0,0.0,
2022-01-19,796840.5159641611,796840.5159641611,0,0.20392808188808517,0.0,0.0,
2022-01-20,796840.5159641611,796840.5159641611,0,0.20392808188808517,0.0,0.0,
2022-01-21,796840.5159641611,796840.5159641611,0,0.20392808188808517,0.0,0.0,
2022-01-22,796840.5159641611,796840.5159641611,0,0.20392808188808517,0.0,0.0,
2022-01-23,796840.5159641611,796840.5159641611,0,0.20392808188808517,0.0,0.0,
2022-01-24,796840.5159641611,796840.5159641611,0,0.20392808188808517,0.0,0.0,
2022-01-25,796840.5159641611,796840.5159641611,0,0.20392808188808517,0.0,0.0,
2022-01-26,796840.5159641611,796840.5159641611,0,0.20392808188808517,0.0,0.0,
2022-01-27,796840.5159641611,796840.5159641611,0,0.20392808188808517,0.0,0.0,
2022-01-28,796840.5159641611,796840.5159641611,0,0.20392808188808517,0.0,0.0,
2022-01-29,796840.5159641611,796840.5159641611,0,0.20392808188808517,0.0,0.0,
2022-01-30,796840.5159641611,796840.5159641611,0,0.20392808188808517,0.0,0.0,
2022-01-31,796840.5159641611,796840.5159641611,0,0.20392808188808517,0.0,0.0,
2022-02-01,796840.5159641611,796840.5159641611,0,0.20392808188808517,0.0,0.0,
2022-02-02,796840.5159641611,796840.5159641611,0,0.20392808188808517,0.0,0.0,
2022-02-03,796840.5159641611,796840.5159641611,0,0.20392808188808517,0.0,0.0,
2022-02-04,796840.5159641611,796840.5159641611,0,0.20392808188808517,0.0,0.0,
2022-02-05,796840.5159641611,796840.5159641611,0,0.20392808188808517,0.0,0.0,
2022-02-06,796840.5159641611,796840.5159641611,0,0.20392808188808517,0.0,0.0,
2022-02-07,796840.5159641611,796840.5159641611,0,0.20392808188808517,0.0,0.0,
2022-02-08,796840.5159641611,796840.5159641611,0,0.20392808188808517,0.0,0.0,
2022-02-09,796840.5159641611,796840.5159641611,0,0.20392808188808517,0.0,0.0,
2022-02-10,796840.5159641611,796840.5159641611,0,0.20392808188808517,0.0,0.0,
2022-02-11,796840.5159641611,796840.5159641611,0,0.20392808188808517,0.0,0.0,
2022-02-12,796840.5159641611,796840.5159641611,0,0.20392808188808517,0.0,0.0,
2022-02-13,796840.5159641611,796840.5159641611,0,0.20392808188808517,0.0,0.0,
2022-02-14,796840.5159641611,796840.5159641611,0,0.20392808188808517,0.0,0.0,
2022-02-15,796840.5159641611,796840.5159641611,0,0.20392808188808517,0.0,0.0,
2022-02-16,796840.5159641611,796840.5159641611,0,0.20392808188808517,0.0,0.0,
2022-02-17,796840.5159641611,796840.5159641611,0,0.20392808188808517,0.0,0.0,
2022-02-18,796840.5159641611,796840.5159641611,0,0.20392808188808517,0.0,0.0,
2022-02-19,796840.5159641611,796840.5159641611,0,0.20392808188808517,0.0,0.0,
2022-02-20,796840.5159641611,796840.5159641611,0,0.20392808188808517,0.0,0.0,
2022-02-21,796840.5159641611,796840.5159641611,0,0.20392808188808517,0.0,0.0,
2022-02-22,796840.5159641611,796840.5159641611,0,0.20392808188808517,0.0,0.0,
2022-02-23,796840.5159641611,796840.5159641611,0,0.20392808188808517,0.0,0.0,
2022-02-24,796840.5159641611,796840.5159641611,0,0.20392808188808517,0.0,0.0,
2022-02-25,796840.5159641611,796840.5159641611,0,0.20392808188808517,0.0,0.0,
2022-02-26,796840.5159641611,796840.5159641611,0,0.20392808188808517,0.0,0.0,
2022-02-27,796840.5159641611,796840.5159641611,0,0.20392808188808517,0.0,0.0,
2022-02-28,796840.5159641611,796840.5159641611,0,0.20392808188808517,0.0,0.0,
2022-03-01,796840.5159641611,796840.5159641611,0,0.20392808188808517,0.0,0.0,
2022-03-02,796840.5159641611,796840.5159641611,0,0.20392808188808517,0.0,0.0,
2022-03-03,796840.5159641611,796840.5159641611,0,0.20392808188808517,0.0,0.0,
2022-03-04,796840.5159641611,796840.5159641611,0,0.20392808188808517,0.0,0.0,
2022-03-05,796840.5159641611,796840.5159641611,0,0.20392808188808517,0.0,0.0,
2022-03-06,796840.5159641611,796840.5159641611,0,0.20392808188808517,0.0,0.0,
2022-03-07,796840.5159641611,796840.5159641611,0,0.20392808188808517,0.0,0.0,
2022-03-08,796840.5159641611,796840.5159641611,0,0.20392808188808517,0.0,0.0,
2022-03-09,796840.5159641611,796840.5159641611,0,0.20392808188808517,0.0,0.0,
2022-03-10,796840.5159641611,796840.5159641611,0,0.20392808188808517,0.0,0.0,
2022-03-11,796840.5159641611,796840.5159641611,0,0.20392808188808517,0.0,0.0,
2022-03-12,796840.5159641611,796840.5159641611,0,0.20392808188808517,0.0,0.0,
2022-03-13,796840.5159641611,796840.5159641611,0,0.20392808188808517,0.0,0.0,
2022-03-14,796840.5159641611,796840.5159641611,0,0.20392808188808517,0.0,0.0,
2022-03-15,796840.5159641611,796840.5159641611,0,0.20392808188808517,0.0,0.0,
2022-03-16,796840.5159641611,796840.5159641611,0,0.20392808188808517,0.0,0.0,
2022-03-17,796840.5159641611,796840.5159641611,0,0.20392808188808517,0.0,0.0,
2022-03-18,796840.5159641611,796840.5159641611,0,0.20392808188808517,0.0,0.0,
2022-03-19,796840.5159641611,796840.5159641611,0,0.20392808188808517,0.0,0.0,
2022-03-20,796840.5159641611,796840.5159641611,0,0.20392808188808517,0.0,0.0,
2022-03-21,796840.5159641611,796840.5159641611,0,0.20392808188808517,0.0,0.0,
2022-03-22,796840.5159641611,796840.5159641611,0,0.20392808188808517,0.0,0.0,
2022-03-23,796840.5159641611,796840.5159641611,0,0.20392808188808517,0.0,0.0,
2022-03-24,796840.5159641611,796840.5159641611,0,0.20392808188808517,0.0,0.0,
2022-03-25,796840.5159641611,796840.5159641611,0,0.20392808188808517,0.0,0.0,
2022-03-26,796840.5159641611,796840.5159641611,0,0.20392808188808517,0.0,0.0,
2022-03-27,796840.5159641611,796840.5159641611,0,0.20392808188808517,0.0,0.0,
2022-03-28,796840.5159641611,796840.5159641611,0,0.20392808188808517,0.0,0.0,
2022-03-29,796840.5159641611,796840.5159641611,0,0.20392808188808517,0.0,0.0,
2022-03-30,796840.5159641611,796840.5159641611,0,0.20392808188808517,0.0,0.0,
2022-03-31,796840.5159641611,796840.5159641611,0,0.20392808188808517,0.0,0.0,
2022-04-01,796840.5159641611,796840.5159641611,0,0.20392808188808517,0.0,0.0,
2022-04-02,796840.5159641611,796840.5159641611,0,0.20392808188808517,0.0,0.0,
2022-04-03,796840.5159641611,796840.5159641611,0,0.20392808188808517,0.0,0.0,
2022-04-04,796840.5159641611,796840.5159641611,0,0.20392808188808517,0.0,0.0,
2022-04-05,796840.5159641611,796840.5159641611,0,0.20392808188808517,0.0,0.0,
2022-04-06,796840.5159641611,796840.5159641611,0,0.20392808188808517,0.0,0.0,
2022-04-07,796840.5159641611,796840.5159641611,0,0.20392808188808517,0.0,0.0,
2022-04-08,796840.5159641611,796840.5159641611,0,0.20392808188808517,0.0,0.0,
2022-04-09,796840.5159641611,796840.5159641611,0,0.20392808188808517,0.0,0.0,
2022-04-10,796840.5159641611,796840.5159641611,0,0.20392808188808517,0.0,0.0,
2022-04-11,796840.5159641611,796840.5159641611,0,0.20392808188808517,0.0,0.0,
2022-04-12,796840.5159641611,796840.5159641611,0,0.20392808188808517,0.0,0.0,
2022-04-13,796840.5159641611,796840.5159641611,0,0.20392808188808517,0.0,0.0,
2022-04-14,796840.5159641611,796840.5159641611,0,0.20392808188808517,0.0,0.0,
2022-04-15,796840.5159641611,796840.5159641611,0,0.20392808188808517,0.0,0.0,
2022-04-16,796840.5159641611,796840.5159641611,0,0.20392808188808517,0.0,0.0,
2022-04-17,796840.5159641611,796840.5159641611,0,0.20392808188808517,0.0,0.0,
2022-04-18,796840.5159641611,796840.5159641611,0,0.20392808188808517,0.0,0.0,
2022-04-19,796840.5159641611,796840.5159641611,0,0.20392808188808517,0.0,0.0,
2022-04-20,796840.5159641611,796840.5159641611,0,0.20392808188808517,0.0,0.0,
2022-04-21,796840.5159641611,796840.5159641611,0,0.20392808188808517,0.0,0.0,
2022-04-22,796840.5159641611,796840.5159641611,0,0.20392808188808517,0.0,0.0,
2022-04-23,796840.5159641611,796840.5159641611,0,0.20392808188808517,0.0,0.0,
2022-04-24,796840.5159641611,796840.5159641611,0,0.20392808188808517,0.0,0.0,
2022-04-25,796840.5159641611,796840.5159641611,0,0.20392808188808517,0.0,0.0,
2022-04-26,796840.5159641611,796840.5159641611,0,0.20392808188808517,0.0,0.0,
2022-04-27,796840.5159641611,796840.5159641611,0,0.20392808188808517,0.0,0.0,
2022-04-28,796840.5159641611,796840.5159641611,0,0.20392808188808517,0.0,0.0,
2022-04-29,796840.5159641611,796840.5159641611,0,0.20392808188808517,0.0,0.0,
2022-04-30,796840.5159641611,796840.5159641611,0,0.20392808188808517,0.0,0.0,
2022-05-01,796840.5159641611,796840.5159641611,0,0.20392808188808517,0.0,0.0,
2022-05-02,796840.5159641611,796840.5159641611,0,0.20392808188808517,0.0,0.0,
2022-05-03,796840.5159641611,796840.5159641611,0,0.20392808188808517,0.0,0.0,
2022-05-04,796840.5159641611,796840.5159641611,0,0.20392808188808517,0.0,0.0,
2022-05-05,796840.5159641611,796840.5159641611,0,0.20392808188808517,0.0,0.0,
2022-05-06,796840.5159641611,796840.5159641611,0,0.20392808188808517,0.0,0.0,
2022-05-07,796840.5159641611,796840.5159641611,0,0.20392808188808517,0.0,0.0,
2022-05-08,796840.5159641611,796840.5159641611,0,0.20392808188808517,0.0,0.0,
2022-05-09,796840.5159641611,796840.5159641611,0,0.20392808188808517,0.0,0.0,
2022-05-10,796840.5159641611,796840.5159641611,0,0.20392808188808517,0.0,0.0,
2022-05-11,796840.5159641611,796840.5159641611,0,0.20392808188808517,0.0,0.0,
2022-05-12,796840.5159641611,796840.5159641611,0,0.20392808188808517,0.0,0.0,
2022-05-13,796840.5159641611,796840.5159641611,0,0.20392808188808517,0.0,0.0,
2022-05-14,796840.5159641611,796840.5159641611,0,0.20392808188808517,0.0,0.0,
2022-05-15,796840.5159641611,796840.5159641611,0,0.20392808188808517,0.0,0.0,
2022-05-16,796840.5159641611,796840.5159641611,0,0.20392808188808517,0.0,0.0,
2022-05-17,796840.5159641611,796840.5159641611,0,0.20392808188808517,0.0,0.0,
2022-05-18,796840.5159641611,796840.5159641611,0,0.20392808188808517,0.0,0.0,
2022-05-19,796840.5159641611,796840.5159641611,0,0.20392808188808517,0.0,0.0,
2022-05-20,796840.5159641611,796840.5159641611,0,0.20392808188808517,0.0,0.0,
2022-05-21,796840.5159641611,796840.5159641611,0,0.20392808188808517,0.0,0.0,
2022-05-22,796840.5159641611,796840.5159641611,0,0.20392808188808517,0.0,0.0,
2022-05-23,796840.5159641611,796840.5159641611,0,0.20392808188808517,0.0,0.0,
2022-05-24,796840.5159641611,796840.5159641611,0,0.20392808188808517,0.0,0.0,
2022-05-25,796840.5159641611,796840.5159641611,0,0.20392808188808517,0.0,0.0,
2022-05-26,796840.5159641611,796840.5159641611,0,0.20392808188808517,0.0,0.0,
2022-05-27,796840.5159641611,796840.5159641611,0,0.20392808188808517,0.0,0.0,
2022-05-28,796840.5159641611,796840.5159641611,0,0.20392808188808517,0.0,0.0,
2022-05-29,796840.5159641611,796840.5159641611,0,0.20392808188808517,0.0,0.0,
2022-05-30,796840.5159641611,796840.5159641611,0,0.20392808188808517,0.0,0.0,
2022-05-31,796840.5159641611,796840.5159641611,0,0.20392808188808517,0.0,0.0,
2022-06-01,796840.5159641611,796840.5159641611,0,0.20392808188808517,0.0,0.0,
2022-06-02,796840.5159641611,796840.5159641611,0,0.20392808188808517,0.0,0.0,
2022-06-03,796840.5159641611,796840.5159641611,0,0.20392808188808517,0.0,0.0,
2022-06-04,796840.5159641611,796840.5159641611,0,0.20392808188808517,0.0,0.0,
2022-06-05,796840.5159641611,796840.5159641611,0,0.20392808188808517,0.0,0.0,
2022-06-06,796840.5159641611,796840.5159641611,0,0.20392808188808517,0.0,0.0,
2022-06-07,796840.5159641611,796840.5159641611,0,0.20392808188808517,0.0,0.0,
2022-06-08,796840.5159641611,796840.5159641611,0,0.20392808188808517,0.0,0.0,
2022-06-09,796840.5159641611,796840.5159641611,0,0.20392808188808517,0.0,0.0,
2022-06-10,796840.5159641611,796840.5159641611,0,0.20392808188808517,0.0,0.0,
2022-06-11,796840.5159641611,796840.5159641611,0,0.20392808188808517,0.0,0.0,
2022-06-12,796840.5159641611,796840.5159641611,0,0.20392808188808517,0.0,0.0,
2022-06-13,796840.5159641611,796840.5159641611,0,0.20392808188808517,0.0,0.0,
2022-06-14,796840.5159641611,796840.5159641611,0,0.20392808188808517,0.0,0.0,
2022-06-15,796840.5159641611,796840.5159641611,0,0.20392808188808517,0.0,0.0,
2022-06-16,796840.5159641611,796840.5159641611,0,0.20392808188808517,0.0,0.0,
2022-06-17,796840.5159641611,796840.5159641611,0,0.20392808188808517,0.0,0.0,
2022-06-18,796840.5159641611,796840.5159641611,0,0.20392808188808517,0.0,0.0,
2022-06-19,796840.5159641611,796840.5159641611,0,0.20392808188808517,0.0,0.0,
2022-06-20,796840.5159641611,796840.5159641611,0,0.20392808188808517,0.0,0.0,
2022-06-21,796840.5159641611,796840.5159641611,0,0.20392808188808517,0.0,0.0,
2022-06-22,796840.5159641611,796840.5159641611,0,0.20392808188808517,0.0,0.0,
2022-06-23,796840.5159641611,796840.5159641611,0,0.20392808188808517,0.0,0.0,
2022-06-24,796840.5159641611,796840.5159641611,0,0.20392808188808517,0.0,0.0,
2022-06-25,796840.5159641611,796840.5159641611,0,0.20392808188808517,0.0,0.0,
2022-06-26,796840.5159641611,796840.5159641611,0,0.20392808188808517,0.0,0.0,
2022-06-27,796840.5159641611,796840.5159641611,0,0.20392808188808517,0.0,0.0,
2022-06-28,796840.5159641611,796840.5159641611,0,0.20392808188808517,0.0,0.0,
2022-06-29,796840.5159641611,796840.5159641611,0,0.20392808188808517,0.0,0.0,
2022-06-30,796840.5159641611,796840.5159641611,0,0.20392808188808517,0.0,0.0,
2022-07-01,796840.5159641611,796840.5159641611,0,0.20392808188808517,0.0,0.0,
2022-07-02,796840.5159641611,796840.5159641611,0,0.20392808188808517,0.0,0.0,
2022-07-03,796840.5159641611,796840.5159641611,0,0.20392808188808517,0.0,0.0,
2022-07-04,796840.5159641611,796840.5159641611,0,0.20392808188808517,0.0,0.0,
2022-07-05,796840.5159641611,796840.5159641611,0,0.20392808188808517,0.0,0.0,
2022-07-06,796840.5159641611,796840.5159641611,0,0.20392808188808517,0.0,0.0,
2022-07-07,796840.5159641611,796840.5159641611,0,0.20392808188808517,0.0,0.0,
2022-07-08,796840.5159641611,796840.5159641611,0,0.20392808188808517,0.0,0.0,
2022-07-09,796840.5159641611,796840.5159641611,0,0.20392808188808517,0.0,0.0,
2022-07-10,796840.5159641611,796840.5159641611,0,0.20392808188808517,0.0,0.0,
2022-07-11,796840.5159641611,796840.5159641611,0,0.20392808188808517,0.0,0.0,
2022-07-12,796840.5159641611,796840.5159641611,0,0.20392808188808517,0.0,0.0,
2022-07-13,796840.5159641611,796840.5159641611,0,0.20392808188808517,0.0,0.0,
2022-07-14,796840.5159641611,796840.5159641611,0,0.20392808188808517,0.0,0.0,
2022-07-15,796840.5159641611,796840.5159641611,0,0.20392808188808517,0.0,0.0,
2022-07-16,796840.5159641611,796840.5159641611,0,0.20392808188808517,0.0,0.0,
2022-07-17,796840.5159641611,796840.5159641611,0,0.20392808188808517,0.0,0.0,
2022-07-18,796840.5159641611,796840.5159641611,0,0.20392808188808517,0.0,0.0,
2022-07-19,796840.5159641611,796840.5159641611,0,0.20392808188808517,0.0,0.0,
2022-07-20,796840.5159641611,796840.5159641611,0,0.20392808188808517,0.0,0.0,
2022-07-21,796840.5159641611,796840.5159641611,0,0.20392808188808517,0.0,0.0,
2022-07-22,796840.5159641611,796840.5159641611,0,0.20392808188808517,0.0,0.0,
2022-07-23,796840.5159641611,796840.5159641611,0,0.20392808188808517,0.0,0.0,
2022-07-24,796840.5159641611,796840.5159641611,0,0.20392808188808517,0.0,0.0,
2022-07-25,796840.5159641611,796840.5159641611,0,0.20392808188808517,0.0,0.0,
2022-07-26,796840.5159641611,796840.5159641611,0,0.20392808188808517,0.0,0.0,
2022-07-27,796840.5159641611,796840.5159641611,0,0.20392808188808517,0.0,0.0,
2022-07-28,796840.5159641611,796840.5159641611,0,0.20392808188808517,0.0,0.0,
2022-07-29,796840.5159641611,796840.5159641611,0,0.20392808188808517,0.0,0.0,
2022-07-30,796840.5159641611,796840.5159641611,0,0.20392808188808517,0.0,0.0,
2022-07-31,796840.5159641611,796840.5159641611,0,0.20392808188808517,0.0,0.0,
2022-08-01,796840.5159641611,796840.5159641611,0,0.20392808188808517,0.0,0.0,
2022-08-02,796840.5159641611,796840.5159641611,0,0.20392808188808517,0.0,0.0,
2022-08-03,796840.5159641611,796840.5159641611,0,0.20392808188808517,0.0,0.0,
2022-08-04,796840.5159641611,796840.5159641611,0,0.20392808188808517,0.0,0.0,
2022-08-05,796840.5159641611,796840.5159641611,0,0.20392808188808517,0.0,0.0,
2022-08-06,796840.5159641611,796840.5159641611,0,0.20392808188808517,0.0,0.0,
2022-08-07,796840.5159641611,796840.5159641611,0,0.20392808188808517,0.0,0.0,
2022-08-08,796840.5159641611,796840.5159641611,0,0.20392808188808517,0.0,0.0,
2022-08-09,796840.5159641611,796840.5159641611,0,0.20392808188808517,0.0,0.0,
2022-08-10,796840.5159641611,796840.5159641611,0,0.20392808188808517,0.0,0.0,
2022-08-11,796840.5159641611,796840.5159641611,0,0.20392808188808517,0.0,0.0,
2022-08-12,796840.5159641611,796840.5159641611,0,0.20392808188808517,0.0,0.0,
2022-08-13,796840.5159641611,796840.5159641611,0,0.20392808188808517,0.0,0.0,
2022-08-14,796840.5159641611,796840.5159641611,0,0.20392808188808517,0.0,0.0,
2022-08-15,796840.5159641611,796840.5159641611,0,0.20392808188808517,0.0,0.0,
2022-08-16,796840.5159641611,796840.5159641611,0,0.20392808188808517,0.0,0.0,
2022-08-17,796840.5159641611,796840.5159641611,0,0.20392808188808517,0.0,0.0,
2022-08-18,796840.5159641611,796840.5159641611,0,0.20392808188808517,0.0,0.0,
2022-08-19,796840.5159641611,796840.5159641611,0,0.20392808188808517,0.0,0.0,
2022-08-20,796840.5159641611,796840.5159641611,0,0.20392808188808517,0.0,0.0,
2022-08-21,796840.5159641611,796840.5159641611,0,0.20392808188808517,0.0,0.0,
2022-08-22,796840.5159641611,796840.5159641611,0,0.20392808188808517,0.0,0.0,
2022-08-23,796840.5159641611,796840.5159641611,0,0.20392808188808517,0.0,0.0,
2022-08-24,796840.5159641611,796840.5159641611,0,0.20392808188808517,0.0,0.0,
2022-08-25,796840.5159641611,796840.5159641611,0,0.20392808188808517,0.0,0.0,
2022-08-26,796840.5159641611,796840.5159641611,0,0.20392808188808517,0.0,0.0,
2022-08-27,796840.5159641611,796840.5159641611,0,0.20392808188808517,0.0,0.0,
2022-08-28,796840.5159641611,796840.5159641611,0,0.20392808188808517,0.0,0.0,
2022-08-29,796840.5159641611,796840.5159641611,0,0.20392808188808517,0.0,0.0,
2022-08-30,796840.5159641611,796840.5159641611,0,0.20392808188808517,0.0,0.0,
2022-08-31,796840.5159641611,796840.5159641611,0,0.20392808188808517,0.0,0.0,
2022-09-01,796840.5159641611,796840.5159641611,0,0.20392808188808517,0.0,0.0,
2022-09-02,796840.5159641611,796840.5159641611,0,0.20392808188808517,0.0,0.0,
2022-09-03,796840.5159641611,796840.5159641611,0,0.20392808188808517,0.0,0.0,
2022-09-04,796840.5159641611,796840.5159641611,0,0.20392808188808517,0.0,0.0,
2022-09-05,796840.5159641611,796840.5159641611,0,0.20392808188808517,0.0,0.0,
2022-09-06,796840.5159641611,796840.5159641611,0,0.20392808188808517,0.0,0.0,
2022-09-07,796840.5159641611,796840.5159641611,0,0.20392808188808517,0.0,0.0,
2022-09-08,796840.5159641611,796840.5159641611,0,0.20392808188808517,0.0,0.0,
2022-09-09,796840.5159641611,796840.5159641611,0,0.20392808188808517,0.0,0.0,
2022-09-10,796840.5159641611,796840.5159641611,0,0.20392808188808517,0.0,0.0,
2022-09-11,796840.5159641611,796840.5159641611,0,0.20392808188808517,0.0,0.0,
2022-09-12,796840.5159641611,796840.5159641611,0,0.20392808188808517,0.0,0.0,
2022-09-13,796840.5159641611,796840.5159641611,0,0.20392808188808517,0.0,0.0,
2022-09-14,796840.5159641611,796840.5159641611,0,0.20392808188808517,0.0,0.0,
2022-09-15,796840.5159641611,796840.5159641611,0,0.20392808188808517,0.0,0.0,
2022-09-16,796840.5159641611,796840.5159641611,0,0.20392808188808517,0.0,0.0,
2022-09-17,796840.5159641611,796840.5159641611,0,0.20392808188808517,0.0,0.0,
2022-09-18,796840.5159641611,796840.5159641611,0,0.20392808188808517,0.0,0.0,
2022-09-19,796840.5159641611,796840.5159641611,0,0.20392808188808517,0.0,0.0,
2022-09-20,796840.5159641611,796840.5159641611,0,0.20392808188808517,0.0,0.0,
2022-09-21,796840.5159641611,796840.5159641611,0,0.20392808188808517,0.0,0.0,
2022-09-22,796840.5159641611,796840.5159641611,0,0.20392808188808517,0.0,0.0,
2022-09-23,796840.5159641611,796840.5159641611,0,0.20392808188808517,0.0,0.0,
2022-09-24,796840.5159641611,796840.5159641611,0,0.20392808188808517,0.0,0.0,
2022-09-25,796840.5159641611,796840.5159641611,0,0.20392808188808517,0.0,0.0,
2022-09-26,796840.5159641611,796840.5159641611,0,0.20392808188808517,0.0,0.0,
2022-09-27,796840.5159641611,796840.5159641611,0,0.20392808188808517,0.0,0.0,
2022-09-28,796840.5159641611,796840.5159641611,0,0.20392808188808517,0.0,0.0,
2022-09-29,796840.5159641611,796840.5159641611,0,0.20392808188808517,0.0,0.0,
2022-09-30,796840.5159641611,796840.5159641611,0,0.20392808188808517,0.0,0.0,
2022-10-01,796840.5159641611,796840.5159641611,0,0.20392808188808517,0.0,0.0,
2022-10-02,796840.5159641611,796840.5159641611,0,0.20392808188808517,0.0,0.0,
2022-10-03,796840.5159641611,796840.5159641611,0,0.20392808188808517,0.0,0.0,
2022-10-04,796840.5159641611,796840.5159641611,0,0.20392808188808517,0.0,0.0,
2022-10-05,796840.5159641611,796840.5159641611,0,0.20392808188808517,0.0,0.0,
2022-10-06,796840.5159641611,796840.5159641611,0,0.20392808188808517,0.0,0.0,
2022-10-07,796840.5159641611,796840.5159641611,0,0.20392808188808517,0.0,0.0,
2022-10-08,796840.5159641611,796840.5159641611,0,0.20392808188808517,0.0,0.0,
2022-10-09,796840.5159641611,796840.5159641611,0,0.20392808188808517,0.0,0.0,
2022-10-10,796840.5159641611,796840.5159641611,0,0.20392808188808517,0.0,0.0,
2022-10-11,796840.5159641611,796840.5159641611,0,0.20392808188808517,0.0,0.0,
2022-10-12,796840.5159641611,796840.5159641611,0,0.20392808188808517,0.0,0.0,
2022-10-13,796840.5159641611,796840.5159641611,0,0.20392808188808517,0.0,0.0,
2022-10-14,796840.5159641611,796840.5159641611,0,0.20392808188808517,0.0,0.0,
2022-10-15,796840.5159641611,796840.5159641611,0,0.20392808188808517,0.0,0.0,
2022-10-16,796840.5159641611,796840.5159641611,0,0.20392808188808517,0.0,0.0,
2022-10-17,796840.5159641611,796840.5159641611,0,0.20392808188808517,0.0,0.0,
2022-10-18,796840.5159641611,796840.5159641611,0,0.20392808188808517,0.0,0.0,
2022-10-19,796840.5159641611,796840.5159641611,0,0.20392808188808517,0.0,0.0,
2022-10-20,796840.5159641611,796840.5159641611,0,0.20392808188808517,0.0,0.0,
2022-10-21,796840.5159641611,796840.5159641611,0,0.20392808188808517,0.0,0.0,
2022-10-22,796840.5159641611,796840.5159641611,0,0.20392808188808517,0.0,0.0,
2022-10-23,796840.5159641611,796840.5159641611,0,0.20392808188808517,0.0,0.0,
2022-10-24,796840.5159641611,796840.5159641611,0,0.20392808188808517,0.0,0.0,
2022-10-25,796840.5159641611,796840.5159641611,0,0.20392808188808517,0.0,0.0,
2022-10-26,796840.5159641611,796840.5159641611,0,0.20392808188808517,0.0,0.0,
2022-10-27,796840.5159641611,796840.5159641611,0,0.20392808188808517,0.0,0.0,
2022-10-28,796840.5159641611,796840.5159641611,0,0.20392808188808517,0.0,0.0,
2022-10-29,796840.5159641611,796840.5159641611,0,0.20392808188808517,0.0,0.0,
2022-10-30,796840.5159641611,796840.5159641611,0,0.20392808188808517,0.0,0.0,
2022-10-31,796840.5159641611,796840.5159641611,0,0.20392808188808517,0.0,0.0,
2022-11-01,796840.5159641611,796840.5159641611,0,0.20392808188808517,0.0,0.0,
2022-11-02,796840.5159641611,796840.5159641611,0,0.20392808188808517,0.0,0.0,
2022-11-03,796840.5159641611,796840.5159641611,0,0.20392808188808517,0.0,0.0,
2022-11-04,796840.5159641611,796840.5159641611,0,0.20392808188808517,0.0,0.0,
2022-11-05,796840.5159641611,796840.5159641611,0,0.20392808188808517,0.0,0.0,
2022-11-06,796840.5159641611,796840.5159641611,0,0.20392808188808517,0.0,0.0,
2022-11-07,796840.5159641611,796840.5159641611,0,0.20392808188808517,0.0,0.0,
2022-11-08,796840.5159641611,796840.5159641611,0,0.20392808188808517,0.0,0.0,
2022-11-09,796840.5159641611,796840.5159641611,0,0.20392808188808517,0.0,0.0,
2022-11-10,796840.5159641611,796840.5159641611,0,0.20392808188808517,0.0,0.0,
2022-11-11,796840.5159641611,796840.5159641611,0,0.20392808188808517,0.0,0.0,
2022-11-12,796840.5159641611,796840.5159641611,0,0.20392808188808517,0.0,0.0,
2022-11-13,796840.5159641611,796840.5159641611,0,0.20392808188808517,0.0,0.0,
2022-11-14,796840.5159641611,796840.5159641611,0,0.20392808188808517,0.0,0.0,
2022-11-15,796840.5159641611,796840.5159641611,0,0.20392808188808517,0.0,0.0,
2022-11-16,796840.5159641611,796840.5159641611,0,0.20392808188808517,0.0,0.0,
2022-11-17,796840.5159641611,796840.5159641611,0,0.20392808188808517,0.0,0.0,
2022-11-18,796840.5159641611,796840.5159641611,0,0.20392808188808517,0.0,0.0,
2022-11-19,796840.5159641611,796840.5159641611,0,0.20392808188808517,0.0,0.0,
2022-11-20,796840.5159641611,796840.5159641611,0,0.20392808188808517,0.0,0.0,
2022-11-21,796840.5159641611,796840.5159641611,0,0.20392808188808517,0.0,0.0,
2022-11-22,796840.5159641611,796840.5159641611,0,0.20392808188808517,0.0,0.0,
2022-11-23,796840.5159641611,796840.5159641611,0,0.20392808188808517,0.0,0.0,
2022-11-24,796840.5159641611,796840.5159641611,0,0.20392808188808517,0.0,0.0,
2022-11-25,796840.5159641611,796840.5159641611,0,0.20392808188808517,0.0,0.0,
2022-11-26,796840.5159641611,796840.5159641611,0,0.20392808188808517,0.0,0.0,
2022-11-27,796840.5159641611,796840.5159641611,0,0.20392808188808517,0.0,0.0,
2022-11-28,796840.5159641611,796840.5159641611,0,0.20392808188808517,0.0,0.0,
2022-11-29,796840.5159641611,796840.5159641611,0,0.20392808188808517,0.0,0.0,
2022-11-30,796840.5159641611,796840.5159641611,0,0.20392808188808517,0.0,0.0,
2022-12-01,796840.5159641611,796840.5159641611,0,0.20392808188808517,0.0,0.0,
2022-12-02,796840.5159641611,796840.5159641611,0,0.20392808188808517,0.0,0.0,
2022-12-03,796840.5159641611,796840.5159641611,0,0.20392808188808517,0.0,0.0,
2022-12-04,796840.5159641611,796840.5159641611,0,0.20392808188808517,0.0,0.0,
2022-12-05,796840.5159641611,796840.5159641611,0,0.20392808188808517,0.0,0.0,
2022-12-06,796840.5159641611,796840.5159641611,0,0.20392808188808517,0.0,0.0,
2022-12-07,796840.5159641611,796840.5159641611,0,0.20392808188808517,0.0,0.0,
2022-12-08,796840.5159641611,796840.5159641611,0,0.20392808188808517,0.0,0.0,
2022-12-09,796840.5159641611,796840.5159641611,0,0.20392808188808517,0.0,0.0,
2022-12-10,796840.5159641611,796840.5159641611,0,0.20392808188808517,0.0,0.0,
2022-12-11,796840.5159641611,796840.5159641611,0,0.20392808188808517,0.0,0.0,
2022-12-12,796840.5159641611,796840.5159641611,0,0.20392808188808517,0.0,0.0,
2022-12-13,796840.5159641611,796840.5159641611,0,0.20392808188808517,0.0,0.0,
2022-12-14,796840.5159641611,796840.5159641611,0,0.20392808188808517,0.0,0.0,
2022-12-15,796840.5159641611,796840.5159641611,0,0.20392808188808517,0.0,0.0,
2022-12-16,796840.5159641611,796840.5159641611,0,0.20392808188808517,0.0,0.0,
2022-12-17,796840.5159641611,796840.5159641611,0,0.20392808188808517,0.0,0.0,
2022-12-18,796840.5159641611,796840.5159641611,0,0.20392808188808517,0.0,0.0,
2022-12-19,796840.5159641611,796840.5159641611,0,0.20392808188808517,0.0,0.0,
2022-12-20,796840.5159641611,796840.5159641611,0,0.20392808188808517,0.0,0.0,
2022-12-21,796840.5159641611,796840.5159641611,0,0.20392808188808517,0.0,0.0,
2022-12-22,796840.5159641611,796840.5159641611,0,0.20392808188808517,0.0,0.0,
2022-12-23,796840.5159641611,796840.5159641611,0,0.20392808188808517,0.0,0.0,
2022-12-24,796840.5159641611,796840.5159641611,0,0.20392808188808517,0.0,0.0,
2022-12-25,796840.5159641611,796840.5159641611,0,0.20392808188808517,0.0,0.0,
2022-12-26,796840.5159641611,796840.5159641611,0,0.20392808188808517,0.0,0.0,
2022-12-27,796840.5159641611,796840.5159641611,0,0.20392808188808517,0.0,0.0,
2022-12-28,796840.5159641611,796840.5159641611,0,0.20392808188808517,0.0,0.0,
2022-12-29,796840.5159641611,796840.5159641611,0,0.20392808188808517,0.0,0.0,
2022-12-30,796840.5159641611,796840.5159641611,0,0.20392808188808517,0.0,0.0,
2022-12-31,796840.5159641611,796840.5159641611,0,0.20392808188808517,0.0,0.0,
2023-01-01,796840.5159641611,796840.5159641611,0,0.20392808188808517,0.0,0.0,
2023-01-02,796840.5159641611,796840.5159641611,0,0.20392808188808517,0.0,0.0,
2023-01-03,796840.5159641611,796840.5159641611,0,0.20392808188808517,0.0,0.0,
2023-01-04,796840.5159641611,796840.5159641611,0,0.20392808188808517,0.0,0.0,
2023-01-05,796840.5159641611,796840.5159641611,0,0.20392808188808517,0.0,0.0,
2023-01-06,796840.5159641611,796840.5159641611,0,0.20392808188808517,0.0,0.0,
2023-01-07,796840.5159641611,796840.5159641611,0,0.20392808188808517,0.0,0.0,
2023-01-08,796840.5159641611,796840.5159641611,0,0.20392808188808517,0.0,0.0,
2023-01-09,796840.5159641611,796840.5159641611,0,0.20392808188808517,0.0,0.0,
2023-01-10,796840.5159641611,796840.5159641611,0,0.20392808188808517,0.0,0.0,
2023-01-11,796840.5159641611,796840.5159641611,0,0.20392808188808517,0.0,0.0,
2023-01-12,796840.5159641611,796840.5159641611,0,0.20392808188808517,0.0,0.0,
2023-01-13,796840.5159641611,796840.5159641611,0,0.20392808188808517,0.0,0.0,
2023-01-14,796840.5159641611,796840.5159641611,0,0.20392808188808517,0.0,0.0,
2023-01-15,796840.5159641611,796840.5159641611,0,0.20392808188808517,0.0,0.0,
2023-01-16,796840.5159641611,796840.5159641611,0,0.20392808188808517,0.0,0.0,
2023-01-17,796840.5159641611,796840.5159641611,0,0.20392808188808517,0.0,0.0,
2023-01-18,796840.5159641611,796840.5159641611,0,0.20392808188808517,0.0,0.0,
2023-01-19,796840.5159641611,796840.5159641611,0,0.20392808188808517,0.0,0.0,
2023-01-20,796840.5159641611,796840.5159641611,0,0.20392808188808517,0.0,0.0,
2023-01-21,796840.5159641611,796840.5159641611,0,0.20392808188808517,0.0,0.0,
2023-01-22,796840.5159641611,796840.5159641611,0,0.20392808188808517,0.0,0.0,
2023-01-23,796840.5159641611,796840.5159641611,0,0.20392808188808517,0.0,0.0,
2023-01-24,796840.5159641611,796840.5159641611,0,0.20392808188808517,0.0,0.0,
2023-01-25,796840.5159641611,796840.5159641611,0,0.20392808188808517,0.0,0.0,
2023-01-26,796840.5159641611,796840.5159641611,0,0.20392808188808517,0.0,0.0,
2023-01-27,796840.5159641611,796840.5159641611,0,0.20392808188808517,0.0,0.0,
2023-01-28,796840.5159641611,796840.5159641611,0,0.20392808188808517,0.0,0.0,
2023-01-29,796840.5159641611,796840.5159641611,0,0.20392808188808517,0.0,0.0,
2023-01-30,796840.5159641611,796840.5159641611,0,0.20392808188808517,0.0,0.0,
2023-01-31,796840.5159641611,796840.5159641611,0,0.20392808188808517,0.0,0.0,
2023-02-01,796840.5159641611,796840.5159641611,0,0.20392808188808517,0.0,0.0,
2023-02-02,796840.5159641611,796840.5159641611,0,0.20392808188808517,0.0,0.0,
2023-02-03,796840.5159641611,796840.5159641611,0,0.20392808188808517,0.0,0.0,
2023-02-04,796840.5159641611,796840.5159641611,0,0.20392808188808517,0.0,0.0,
2023-02-05,796840.5159641611,796840.5159641611,0,0.20392808188808517,0.0,0.0,
2023-02-06,796840.5159641611,796840.5159641611,0,0.20392808188808517,0.0,0.0,
2023-02-07,796840.5159641611,796840.5159641611,0,0.20392808188808517,0.0,0.0,
2023-02-08,796840.5159641611,796840.5159641611,0,0.20392808188808517,0.0,0.0,
2023-02-09,796840.5159641611,796840.5159641611,0,0.20392808188808517,0.0,0.0,
2023-02-10,796840.5159641611,796840.5159641611,0,0.20392808188808517,0.0,0.0,
2023-02-11,796840.5159641611,796840.5159641611,0,0.20392808188808517,0.0,0.0,
2023-02-12,796840.5159641611,796840.5159641611,0,0.20392808188808517,0.0,0.0,
2023-02-13,796840.5159641611,796840.5159641611,0,0.20392808188808517,0.0,0.0,
2023-02-14,796840.5159641611,796840.5159641611,0,0.20392808188808517,0.0,0.0,
2023-02-15,796840.5159641611,796840.5159641611,0,0.20392808188808517,0.0,0.0,
2023-02-16,796840.5159641611,796840.5159641611,0,0.20392808188808517,0.0,0.0,
2023-02-17,796840.5159641611,796840.5159641611,0,0.20392808188808517,0.0,0.0,
2023-02-18,796840.5159641611,796840.5159641611,0,0.20392808188808517,0.0,0.0,
2023-02-19,796840.5159641611,796840.5159641611,0,0.20392808188808517,0.0,0.0,
2023-02-20,796840.5159641611,796840.5159641611,0,0.20392808188808517,0.0,0.0,
2023-02-21,796840.5159641611,796840.5159641611,0,0.20392808188808517,0.0,0.0,
2023-02-22,796840.5159641611,796840.5159641611,0,0.20392808188808517,0.0,0.0,
2023-02-23,796840.5159641611,796840.5159641611,0,0.20392808188808517,0.0,0.0,
2023-02-24,796840.5159641611,796840.5159641611,0,0.20392808188808517,0.0,0.0,
2023-02-25,796840.5159641611,796840.5159641611,0,0.20392808188808517,0.0,0.0,
2023-02-26,796840.5159641611,796840.5159641611,0,0.20392808188808517,0.0,0.0,
2023-02-27,796840.5159641611,796840.5159641611,0,0.20392808188808517,0.0,0.0,
2023-02-28,796840.5159641611,796840.5159641611,0,0.20392808188808517,0.0,0.0,
2023-03-01,796840.5159641611,796840.5159641611,0,0.20392808188808517,0.0,0.0,
2023-03-02,796840.5159641611,796840.5159641611,0,0.20392808188808517,0.0,0.0,
2023-03-03,796840.5159641611,796840.5159641611,0,0.20392808188808517,0.0,0.0,
2023-03-04,796840.5159641611,796840.5159641611,0,0.20392808188808517,0.0,0.0,
2023-03-05,796840.5159641611,796840.5159641611,0,0.20392808188808517,0.0,0.0,
2023-03-06,796840.5159641611,796840.5159641611,0,0.20392808188808517,0.0,0.0,
2023-03-07,796840.5159641611,796840.5159641611,0,0.20392808188808517,0.0,0.0,
2023-03-08,796840.5159641611,796840.5159641611,0,0.20392808188808517,0.0,0.0,
2023-03-09,796840.5159641611,796840.5159641611,0,0.20392808188808517,0.0,0.0,
2023-03-10,796840.5159641611,796840.5159641611,0,0.20392808188808517,0.0,0.0,
2023-03-11,796840.5159641611,796840.5159641611,0,0.20392808188808517,0.0,0.0,
2023-03-12,796840.5159641611,796840.5159641611,0,0.20392808188808517,0.0,0.0,
2023-03-13,796840.5159641611,796840.5159641611,0,0.20392808188808517,0.0,0.0,
2023-03-14,796840.5159641611,796840.5159641611,0,0.20392808188808517,0.0,0.0,
2023-03-15,796840.5159641611,796840.5159641611,0,0.20392808188808517,0.0,0.0,
2023-03-16,796840.5159641611,796840.5159641611,0,0.20392808188808517,0.0,0.0,
2023-03-17,796840.5159641611,796840.5159641611,0,0.20392808188808517,0.0,0.0,
2023-03-18,796840.5159641611,796840.5159641611,0,0.20392808188808517,0.0,0.0,
2023-03-19,796840.5159641611,796840.5159641611,0,0.20392808188808517,0.0,0.0,
2023-03-20,796840.5159641611,796840.5159641611,0,0.20392808188808517,0.0,0.0,
2023-03-21,796840.5159641611,796840.5159641611,0,0.20392808188808517,0.0,0.0,
2023-03-22,796840.5159641611,796840.5159641611,0,0.20392808188808517,0.0,0.0,
2023-03-23,796840.5159641611,796840.5159641611,0,0.20392808188808517,0.0,0.0,
2023-03-24,796840.5159641611,796840.5159641611,0,0.20392808188808517,0.0,0.0,
2023-03-25,796840.5159641611,796840.5159641611,0,0.20392808188808517,0.0,0.0,
2023-03-26,796840.5159641611,796840.5159641611,0,0.20392808188808517,0.0,0.0,
2023-03-27,796840.5159641611,796840.5159641611,0,0.20392808188808517,0.0,0.0,
2023-03-28,796840.5159641611,796840.5159641611,0,0.20392808188808517,0.0,0.0,
2023-03-29,796840.5159641611,796840.5159641611,0,0.20392808188808517,0.0,0.0,
2023-03-30,796840.5159641611,796840.5159641611,0,0.20392808188808517,0.0,0.0,
2023-03-31,796840.5159641611,796840.5159641611,0,0.20392808188808517,0.0,0.0,
2023-04-01,796840.5159641611,796840.5159641611,0,0.20392808188808517,0.0,0.0,
2023-04-02,796840.5159641611,796840.5159641611,0,0.20392808188808517,0.0,0.0,
2023-04-03,796840.5159641611,796840.5159641611,0,0.20392808188808517,0.0,0.0,
2023-04-04,796840.5159641611,796840.5159641611,0,0.20392808188808517,0.0,0.0,
2023-04-05,796840.5159641611,796840.5159641611,0,0.20392808188808517,0.0,0.0,
2023-04-06,796840.5159641611,796840.5159641611,0,0.20392808188808517,0.0,0.0,
2023-04-07,796840.5159641611,796840.5159641611,0,0.20392808188808517,0.0,0.0,
2023-04-08,796840.5159641611,796840.5159641611,0,0.20392808188808517,0.0,0.0,
2023-04-09,796840.5159641611,796840.5159641611,0,0.20392808188808517,0.0,0.0,
2023-04-10,796840.5159641611,796840.5159641611,0,0.20392808188808517,0.0,0.0,
2023-04-11,796840.5159641611,796840.5159641611,0,0.20392808188808517,0.0,0.0,
2023-04-12,796840.5159641611,796840.5159641611,0,0.20392808188808517,0.0,0.0,
2023-04-13,796840.5159641611,796840.5159641611,0,0.20392808188808517,0.0,0.0,
2023-04-14,796840.5159641611,796840.5159641611,0,0.20392808188808517,0.0,0.0,
2023-04-15,796840.5159641611,796840.5159641611,0,0.20392808188808517,0.0,0.0,
2023-04-16,796840.5159641611,796840.5159641611,0,0.20392808188808517,0.0,0.0,
2023-04-17,796840.5159641611,796840.5159641611,0,0.20392808188808517,0.0,0.0,
2023-04-18,796840.5159641611,796840.5159641611,0,0.20392808188808517,0.0,0.0,
2023-04-19,796840.5159641611,796840.5159641611,0,0.20392808188808517,0.0,0.0,
2023-04-20,796840.5159641611,796840.5159641611,0,0.20392808188808517,0.0,0.0,
2023-04-21,796840.5159641611,796840.5159641611,0,0.20392808188808517,0.0,0.0,
2023-04-22,796840.5159641611,796840.5159641611,0,0.20392808188808517,0.0,0.0,
2023-04-23,796840.5159641611,796840.5159641611,0,0.20392808188808517,0.0,0.0,
2023-04-24,796840.5159641611,796840.5159641611,0,0.20392808188808517,0.0,0.0,
2023-04-25,796840.5159641611,796840.5159641611,0,0.20392808188808517,0.0,0.0,
2023-04-26,796840.5159641611,796840.5159641611,0,0.20392808188808517,0.0,0.0,
2023-04-27,796840.5159641611,796840.5159641611,0,0.20392808188808517,0.0,0.0,
2023-04-28,796840.5159641611,796840.5159641611,0,0.20392808188808517,0.0,0.0,
2023-04-29,796840.5159641611,796840.5159641611,0,0.20392808188808517,0.0,0.0,
2023-04-30,796840.5159641611,796840.5159641611,0,0.20392808188808517,0.0,0.0,
2023-05-01,796840.5159641611,796840.5159641611,0,0.20392808188808517,0.0,0.0,
2023-05-02,796840.5159641611,796840.5159641611,0,0.20392808188808517,0.0,0.0,
2023-05-03,796840.5159641611,796840.5159641611,0,0.20392808188808517,0.0,0.0,
2023-05-04,796840.5159641611,796840.5159641611,0,0.20392808188808517,0.0,0.0,
2023-05-05,796840.5159641611,796840.5159641611,0,0.20392808188808517,0.0,0.0,
2023-05-06,796840.5159641611,796840.5159641611,0,0.20392808188808517,0.0,0.0,
2023-05-07,796840.5159641611,796840.5159641611,0,0.20392808188808517,0.0,0.0,
2023-05-08,796840.5159641611,796840.5159641611,0,0.20392808188808517,0.0,0.0,
2023-05-09,796840.5159641611,796840.5159641611,0,0.20392808188808517,0.0,0.0,
2023-05-10,796840.5159641611,796840.5159641611,0,0.20392808188808517,0.0,0.0,
2023-05-11,796840.5159641611,796840.5159641611,0,0.20392808188808517,0.0,0.0,
2023-05-12,796840.5159641611,796840.5159641611,0,0.20392808188808517,0.0,0.0,
2023-05-13,796840.5159641611,796840.5159641611,0,0.20392808188808517,0.0,0.0,
2023-05-14,796840.5159641611,796840.5159641611,0,0.20392808188808517,0.0,0.0,
2023-05-15,796840.5159641611,796840.5159641611,0,0.20392808188808517,0.0,0.0,
2023-05-16,796840.5159641611,796840.5159641611,0,0.20392808188808517,0.0,0.0,
2023-05-17,796840.5159641611,796840.5159641611,0,0.20392808188808517,0.0,0.0,
2023-05-18,796840.5159641611,796840.5159641611,0,0.20392808188808517,0.0,0.0,
2023-05-19,796840.5159641611,796840.5159641611,0,0.20392808188808517,0.0,0.0,
2023-05-20,796840.5159641611,796840.5159641611,0,0.20392808188808517,0.0,0.0,
2023-05-21,796840.5159641611,796840.5159641611,0,0.20392808188808517,0.0,0.0,
2023-05-22,796840.5159641611,796840.5159641611,0,0.20392808188808517,0.0,0.0,
2023-05-23,796840.5159641611,796840.5159641611,0,0.20392808188808517,0.0,0.0,
2023-05-24,796840.5159641611,796840.5159641611,0,0.20392808188808517,0.0,0.0,
2023-05-25,796840.5159641611,796840.5159641611,0,0.20392808188808517,0.0,0.0,
2023-05-26,796840.5159641611,796840.5159641611,0,0.20392808188808517,0.0,0.0,
2023-05-27,796840.5159641611,796840.5159641611,0,0.20392808188808517,0.0,0.0,
2023-05-28,796840.5159641611,796840.5159641611,0,0.20392808188808517,0.0,0.0,
2023-05-29,796840.5159641611,796840.5159641611,0,0.20392808188808517,0.0,0.0,
2023-05-30,796840.5159641611,796840.5159641611,0,0.20392808188808517,0.0,0.0,
2023-05-31,796840.5159641611,796840.5159641611,0,0.20392808188808517,0.0,0.0,
2023-06-01,796840.5159641611,796840.5159641611,0,0.20392808188808517,0.0,0.0,
2023-06-02,796840.5159641611,796840.5159641611,0,0.20392808188808517,0.0,0.0,
2023-06-03,796840.5159641611,796840.5159641611,0,0.20392808188808517,0.0,0.0,
2023-06-04,796840.5159641611,796840.5159641611,0,0.20392808188808517,0.0,0.0,
2023-06-05,796840.5159641611,796840.5159641611,0,0.20392808188808517,0.0,0.0,
2023-06-06,796840.5159641611,796840.5159641611,0,0.20392808188808517,0.0,0.0,
2023-06-07,796840.5159641611,796840.5159641611,0,0.20392808188808517,0.0,0.0,
2023-06-08,796840.5159641611,796840.5159641611,0,0.20392808188808517,0.0,0.0,
2023-06-09,796840.5159641611,796840.5159641611,0,0.20392808188808517,0.0,0.0,
2023-06-10,796840.5159641611,796840.5159641611,0,0.20392808188808517,0.0,0.0,
2023-06-11,796840.5159641611,796840.5159641611,0,0.20392808188808517,0.0,0.0,
2023-06-12,796840.5159641611,796840.5159641611,0,0.20392808188808517,0.0,0.0,
2023-06-13,796840.5159641611,796840.5159641611,0,0.20392808188808517,0.0,0.0,
2023-06-14,796840.5159641611,796840.5159641611,0,0.20392808188808517,0.0,0.0,
2023-06-15,796840.5159641611,796840.5159641611,0,0.20392808188808517,0.0,0.0,
2023-06-16,796840.5159641611,796840.5159641611,0,0.20392808188808517,0.0,0.0,
2023-06-17,796840.5159641611,796840.5159641611,0,0.20392808188808517,0.0,0.0,
2023-06-18,796840.5159641611,796840.5159641611,0,0.20392808188808517,0.0,0.0,
2023-06-19,796840.5159641611,796840.5159641611,0,0.20392808188808517,0.0,0.0,
2023-06-20,796840.5159641611,796840.5159641611,0,0.20392808188808517,0.0,0.0,
2023-06-21,796840.5159641611,796840.5159641611,0,0.20392808188808517,0.0,0.0,
2023-06-22,796840.5159641611,796840.5159641611,0,0.20392808188808517,0.0,0.0,
2023-06-23,796840.5159641611,796840.5159641611,0,0.20392808188808517,0.0,0.0,
2023-06-24,796840.5159641611,796840.5159641611,0,0.20392808188808517,0.0,0.0,
2023-06-25,796840.5159641611,796840.5159641611,0,0.20392808188808517,0.0,0.0,
2023-06-26,796840.5159641611,796840.5159641611,0,0.20392808188808517,0.0,0.0,
2023-06-27,796840.5159641611,796840.5159641611,0,0.20392808188808517,0.0,0.0,
2023-06-28,796840.5159641611,796840.5159641611,0,0.20392808188808517,0.0,0.0,
2023-06-29,796840.5159641611,796840.5159641611,0,0.20392808188808517,0.0,0.0,
2023-06-30,796840.5159641611,796840.5159641611,0,0.20392808188808517,0.0,0.0,
2023-07-01,796840.5159641611,796840.5159641611,0,0.20392808188808517,0.0,0.0,
2023-07-02,796840.5159641611,796840.5159641611,0,0.20392808188808517,0.0,0.0,
2023-07-03,796840.5159641611,796840.5159641611,0,0.20392808188808517,0.0,0.0,
2023-07-04,796840.5159641611,796840.5159641611,0,0.20392808188808517,0.0,0.0,
2023-07-05,796840.5159641611,796840.5159641611,0,0.20392808188808517,0.0,0.0,
2023-07-06,796840.5159641611,796840.5159641611,0,0.20392808188808517,0.0,0.0,
2023-07-07,796840.5159641611,796840.5159641611,0,0.20392808188808517,0.0,0.0,
2023-07-08,796840.5159641611,796840.5159641611,0,0.20392808188808517,0.0,0.0,
2023-07-09,796840.5159641611,796840.5159641611,0,0.20392808188808517,0.0,0.0,
2023-07-10,796840.5159641611,796840.5159641611,0,0.20392808188808517,0.0,0.0,
2023-07-11,796840.5159641611,796840.5159641611,0,0.20392808188808517,0.0,0.0,
2023-07-12,796840.5159641611,796840.5159641611,0,0.20392808188808517,0.0,0.0,
2023-07-13,796840.5159641611,796840.5159641611,0,0.20392808188808517,0.0,0.0,
2023-07-14,796840.5159641611,796840.5159641611,0,0.20392808188808517,0.0,0.0,
2023-07-15,796840.5159641611,796840.5159641611,0,0.20392808188808517,0.0,0.0,
2023-07-16,796840.5159641611,796840.5159641611,0,0.20392808188808517,0.0,0.0,
2023-07-17,796840.5159641611,796840.5159641611,0,0.20392808188808517,0.0,0.0,
2023-07-18,796840.5159641611,796840.5159641611,0,0.20392808188808517,0.0,0.0,
2023-07-19,796840.5159641611,796840.5159641611,0,0.20392808188808517,0.0,0.0,
2023-07-20,796840.5159641611,796840.5159641611,0,0.20392808188808517,0.0,0.0,
2023-07-21,796840.5159641611,796840.5159641611,0,0.20392808188808517,0.0,0.0,
2023-07-22,796840.5159641611,796840.5159641611,0,0.20392808188808517,0.0,0.0,
2023-07-23,796840.5159641611,796840.5159641611,0,0.20392808188808517,0.0,0.0,
2023-07-24,796840.5159641611,796840.5159641611,0,0.20392808188808517,0.0,0.0,
2023-07-25,796840.5159641611,796840.5159641611,0,0.20392808188808517,0.0,0.0,
2023-07-26,796840.5159641611,796840.5159641611,0,0.20392808188808517,0.0,0.0,
2023-07-27,796840.5159641611,796840.5159641611,0,0.20392808188808517,0.0,0.0,
2023-07-28,796840.5159641611,796840.5159641611,0,0.20392808188808517,0.0,0.0,
2023-07-29,796840.5159641611,796840.5159641611,0,0.20392808188808517,0.0,0.0,
2023-07-30,796840.5159641611,796840.5159641611,0,0.20392808188808517,0.0,0.0,
2023-07-31,796840.5159641611,796840.5159641611,0,0.20392808188808517,0.0,0.0,
2023-08-01,796840.5159641611,796840.5159641611,0,0.20392808188808517,0.0,0.0,
2023-08-02,796840.5159641611,796840.5159641611,0,0.20392808188808517,0.0,0.0,
2023-08-03,796840.5159641611,796840.5159641611,0,0.20392808188808517,0.0,0.0,
2023-08-04,796840.5159641611,796840.5159641611,0,0.20392808188808517,0.0,0.0,
2023-08-05,796840.5159641611,796840.5159641611,0,0.20392808188808517,0.0,0.0,
2023-08-06,796840.5159641611,796840.5159641611,0,0.20392808188808517,0.0,0.0,
2023-08-07,796840.5159641611,796840.5159641611,0,0.20392808188808517,0.0,0.0,
2023-08-08,796840.5159641611,796840.5159641611,0,0.20392808188808517,0.0,0.0,
2023-08-09,796840.5159641611,796840.5159641611,0,0.20392808188808517,0.0,0.0,
2023-08-10,796840.5159641611,796840.5159641611,0,0.20392808188808517,0.0,0.0,
2023-08-11,796840.5159641611,796840.5159641611,0,0.20392808188808517,0.0,0.0,
2023-08-12,796840.5159641611,796840.5159641611,0,0.20392808188808517,0.0,0.0,
2023-08-13,796840.5159641611,796840.5159641611,0,0.20392808188808517,0.0,0.0,
2023-08-14,796840.5159641611,796840.5159641611,0,0.20392808188808517,0.0,0.0,
2023-08-15,796840.5159641611,796840.5159641611,0,0.20392808188808517,0.0,0.0,
2023-08-16,796840.5159641611,796840.5159641611,0,0.20392808188808517,0.0,0.0,
2023-08-17,796840.5159641611,796840.5159641611,0,0.20392808188808517,0.0,0.0,
2023-08-18,796840.5159641611,796840.5159641611,0,0.20392808188808517,0.0,0.0,
2023-08-19,796840.5159641611,796840.5159641611,0,0.20392808188808517,0.0,0.0,
2023-08-20,796840.5159641611,796840.5159641611,0,0.20392808188808517,0.0,0.0,
2023-08-21,796840.5159641611,796840.5159641611,0,0.20392808188808517,0.0,0.0,
2023-08-22,796840.5159641611,796840.5159641611,0,0.20392808188808517,0.0,0.0,
2023-08-23,796840.5159641611,796840.5159641611,0,0.20392808188808517,0.0,0.0,
2023-08-24,796840.5159641611,796840.5159641611,0,0.20392808188808517,0.0,0.0,
2023-08-25,796840.5159641611,796840.5159641611,0,0.20392808188808517,0.0,0.0,
2023-08-26,796840.5159641611,796840.5159641611,0,0.20392808188808517,0.0,0.0,
2023-08-27,796840.5159641611,796840.5159641611,0,0.20392808188808517,0.0,0.0,
2023-08-28,796840.5159641611,796840.5159641611,0,0.20392808188808517,0.0,0.0,
2023-08-29,796840.5159641611,796840.5159641611,0,0.20392808188808517,0.0,0.0,
2023-08-30,796840.5159641611,796840.5159641611,0,0.20392808188808517,0.0,0.0,
2023-08-31,796840.5159641611,796840.5159641611,0,0.20392808188808517,0.0,0.0,
2023-09-01,796840.5159641611,796840.5159641611,0,0.20392808188808517,0.0,0.0,
2023-09-02,796840.5159641611,796840.5159641611,0,0.20392808188808517,0.0,0.0,
2023-09-03,796840.5159641611,796840.5159641611,0,0.20392808188808517,0.0,0.0,
2023-09-04,796840.5159641611,796840.5159641611,0,0.20392808188808517,0.0,0.0,
2023-09-05,796840.5159641611,796840.5159641611,0,0.20392808188808517,0.0,0.0,
2023-09-06,796840.5159641611,796840.5159641611,0,0.20392808188808517,0.0,0.0,
2023-09-07,796840.5159641611,796840.5159641611,0,0.20392808188808517,0.0,0.0,
2023-09-08,796840.5159641611,796840.5159641611,0,0.20392808188808517,0.0,0.0,
2023-09-09,796840.5159641611,796840.5159641611,0,0.20392808188808517,0.0,0.0,
2023-09-10,796840.5159641611,796840.5159641611,0,0.20392808188808517,0.0,0.0,
2023-09-11,796840.5159641611,796840.5159641611,0,0.20392808188808517,0.0,0.0,
2023-09-12,796840.5159641611,796840.5159641611,0,0.20392808188808517,0.0,0.0,
2023-09-13,796840.5159641611,796840.5159641611,0,0.20392808188808517,0.0,0.0,
2023-09-14,796840.5159641611,796840.5159641611,0,0.20392808188808517,0.0,0.0,
2023-09-15,796840.5159641611,796840.5159641611,0,0.20392808188808517,0.0,0.0,
2023-09-16,796840.5159641611,796840.5159641611,0,0.20392808188808517,0.0,0.0,
2023-09-17,796840.5159641611,796840.5159641611,0,0.20392808188808517,0.0,0.0,
2023-09-18,796840.5159641611,796840.5159641611,0,0.20392808188808517,0.0,0.0,
2023-09-19,796840.5159641611,796840.5159641611,0,0.20392808188808517,0.0,0.0,
2023-09-20,796840.5159641611,796840.5159641611,0,0.20392808188808517,0.0,0.0,
2023-09-21,796840.5159641611,796840.5159641611,0,0.20392808188808517,0.0,0.0,
2023-09-22,796840.5159641611,796840.5159641611,0,0.20392808188808517,0.0,0.0,
2023-09-23,796840.5159641611,796840.5159641611,0,0.20392808188808517,0.0,0.0,
2023-09-24,796840.5159641611,796840.5159641611,0,0.20392808188808517,0.0,0.0,
2023-09-25,796840.5159641611,796840.5159641611,0,0.20392808188808517,0.0,0.0,
2023-09-26,796840.5159641611,796840.5159641611,0,0.20392808188808517,0.0,0.0,
2023-09-27,796840.5159641611,796840.5159641611,0,0.20392808188808517,0.0,0.0,
2023-09-28,796840.5159641611,796840.5159641611,0,0.20392808188808517,0.0,0.0,
2023-09-29,796840.5159641611,796840.5159641611,0,0.20392808188808517,0.0,0.0,
2023-09-30,796840.5159641611,796840.5159641611,0,0.20392808188808517,0.0,0.0,
2023-10-01,796840.5159641611,796840.5159641611,0,0.20392808188808517,0.0,0.0,
2023-10-02,796840.5159641611,796840.5159641611,0,0.20392808188808517,0.0,0.0,
2023-10-03,796840.5159641611,796840.5159641611,0,0.20392808188808517,0.0,0.0,
2023-10-04,796840.5159641611,796840.5159641611,0,0.20392808188808517,0.0,0.0,
2023-10-05,796840.5159641611,796840.5159641611,0,0.20392808188808517,0.0,0.0,
2023-10-06,796840.5159641611,796840.5159641611,0,0.20392808188808517,0.0,0.0,
2023-10-07,796840.5159641611,796840.5159641611,0,0.20392808188808517,0.0,0.0,
2023-10-08,796840.5159641611,796840.5159641611,0,0.20392808188808517,0.0,0.0,
2023-10-09,796840.5159641611,796840.5159641611,0,0.20392808188808517,0.0,0.0,
2023-10-10,796840.5159641611,796840.5159641611,0,0.20392808188808517,0.0,0.0,
2023-10-11,796840.5159641611,796840.5159641611,0,0.20392808188808517,0.0,0.0,
2023-10-12,796840.5159641611,796840.5159641611,0,0.20392808188808517,0.0,0.0,
2023-10-13,796840.5159641611,796840.5159641611,0,0.20392808188808517,0.0,0.0,
2023-10-14,796840.5159641611,796840.5159641611,0,0.20392808188808517,0.0,0.0,
2023-10-15,796840.5159641611,796840.5159641611,0,0.20392808188808517,0.0,0.0,
2023-10-16,796840.5159641611,796840.5159641611,0,0.20392808188808517,0.0,0.0,
2023-10-17,796840.5159641611,796840.5159641611,0,0.20392808188808517,0.0,0.0,
2023-10-18,796840.5159641611,796840.5159641611,0,0.20392808188808517,0.0,0.0,
2023-10-19,796840.5159641611,796840.5159641611,0,0.20392808188808517,0.0,0.0,
2023-10-20,796840.5159641611,796840.5159641611,0,0.20392808188808517,0.0,0.0,
2023-10-21,796840.5159641611,796840.5159641611,0,0.20392808188808517,0.0,0.0,
2023-10-22,796840.5159641611,796840.5159641611,0,0.20392808188808517,0.0,0.0,
2023-10-23,796840.5159641611,796840.5159641611,0,0.20392808188808517,0.0,0.0,
2023-10-24,796840.5159641611,796840.5159641611,0,0.20392808188808517,0.0,0.0,
2023-10-25,796840.5159641611,796840.5159641611,0,0.20392808188808517,0.0,0.0,
2023-10-26,796840.5159641611,796840.5159641611,0,0.20392808188808517,0.0,0.0,
2023-10-27,796840.5159641611,796840.5159641611,0,0.20392808188808517,0.0,0.0,
2023-10-28,796840.5159641611,796840.5159641611,0,0.20392808188808517,0.0,0.0,
2023-10-29,796840.5159641611,796840.5159641611,0,0.20392808188808517,0.0,0.0,
2023-10-30,796840.5159641611,796840.5159641611,0,0.20392808188808517,0.0,0.0,
2023-10-31,796840.5159641611,796840.5159641611,0,0.20392808188808517,0.0,0.0,
2023-11-01,796840.5159641611,796840.5159641611,0,0.20392808188808517,0.0,0.0,
2023-11-02,796840.5159641611,796840.5159641611,0,0.20392808188808517,0.0,0.0,
2023-11-03,796840.5159641611,796840.5159641611,0,0.20392808188808517,0.0,0.0,
2023-11-04,796840.5159641611,796840.5159641611,0,0.20392808188808517,0.0,0.0,
2023-11-05,796840.5159641611,796840.5159641611,0,0.20392808188808517,0.0,0.0,
2023-11-06,796840.5159641611,796840.5159641611,0,0.20392808188808517,0.0,0.0,
2023-11-07,796840.5159641611,796840.5159641611,0,0.20392808188808517,0.0,0.0,
2023-11-08,796840.5159641611,796840.5159641611,0,0.20392808188808517,0.0,0.0,
2023-11-09,796840.5159641611,796840.5159641611,0,0.20392808188808517,0.0,0.0,
2023-11-10,796840.5159641611,796840.5159641611,0,0.20392808188808517,0.0,0.0,
2023-11-11,796840.5159641611,796840.5159641611,0,0.20392808188808517,0.0,0.0,
2023-11-12,796840.5159641611,796840.5159641611,0,0.20392808188808517,0.0,0.0,
2023-11-13,796840.5159641611,796840.5159641611,0,0.20392808188808517,0.0,0.0,
2023-11-14,796840.5159641611,796840.5159641611,0,0.20392808188808517,0.0,0.0,
2023-11-15,796840.5159641611,796840.5159641611,0,0.20392808188808517,0.0,0.0,
2023-11-16,796840.5159641611,796840.5159641611,0,0.20392808188808517,0.0,0.0,
2023-11-17,796840.5159641611,796840.5159641611,0,0.20392808188808517,0.0,0.0,
2023-11-18,796840.5159641611,796840.5159641611,0,0.20392808188808517,0.0,0.0,
2023-11-19,796840.5159641611,796840.5159641611,0,0.20392808188808517,0.0,0.0,
2023-11-20,796840.5159641611,796840.5159641611,0,0.20392808188808517,0.0,0.0,
2023-11-21,796840.5159641611,796840.5159641611,0,0.20392808188808517,0.0,0.0,
2023-11-22,796840.5159641611,796840.5159641611,0,0.20392808188808517,0.0,0.0,
2023-11-23,796840.5159641611,796840.5159641611,0,0.20392808188808517,0.0,0.0,
2023-11-24,796840.5159641611,796840.5159641611,0,0.20392808188808517,0.0,0.0,
2023-11-25,796840.5159641611,796840.5159641611,0,0.20392808188808517,0.0,0.0,
2023-11-26,796840.5159641611,796840.5159641611,0,0.20392808188808517,0.0,0.0,
2023-11-27,796840.5159641611,796840.5159641611,0,0.20392808188808517,0.0,0.0,
2023-11-28,796840.5159641611,796840.5159641611,0,0.20392808188808517,0.0,0.0,
2023-11-29,796840.5159641611,796840.5159641611,0,0.20392808188808517,0.0,0.0,
2023-11-30,796840.5159641611,796840.5159641611,0,0.20392808188808517,0.0,0.0,
2023-12-01,796840.5159641611,796840.5159641611,0,0.20392808188808517,0.0,0.0,
2023-12-02,796840.5159641611,796840.5159641611,0,0.20392808188808517,0.0,0.0,
2023-12-03,796840.5159641611,796840.5159641611,0,0.20392808188808517,0.0,0.0,
2023-12-04,796840.5159641611,796840.5159641611,0,0.20392808188808517,0.0,0.0,
2023-12-05,796840.5159641611,796840.5159641611,0,0.20392808188808517,0.0,0.0,
2023-12-06,796840.5159641611,796840.5159641611,0,0.20392808188808517,0.0,0.0,
2023-12-07,796840.5159641611,796840.5159641611,0,0.20392808188808517,0.0,0.0,
2023-12-08,796840.5159641611,796840.5159641611,0,0.20392808188808517,0.0,0.0,
2023-12-09,796840.5159641611,796840.5159641611,0,0.20392808188808517,0.0,0.0,
2023-12-10,796840.5159641611,796840.5159641611,0,0.20392808188808517,0.0,0.0,
2023-12-11,796840.5159641611,796840.5159641611,0,0.20392808188808517,0.0,0.0,
2023-12-12,796840.5159641611,796840.5159641611,0,0.20392808188808517,0.0,0.0,
2023-12-13,796840.5159641611,796840.5159641611,0,0.20392808188808517,0.0,0.0,
2023-12-14,796840.5159641611,796840.5159641611,0,0.20392808188808517,0.0,0.0,
2023-12-15,796840.5159641611,796840.5159641611,0,0.20392808188808517,0.0,0.0,
2023-12-16,796840.5159641611,796840.5159641611,0,0.20392808188808517,0.0,0.0,
2023-12-17,796840.5159641611,796840.5159641611,0,0.20392808188808517,0.0,0.0,
2023-12-18,796840.5159641611,796840.5159641611,0,0.20392808188808517,0.0,0.0,
2023-12-19,796840.5159641611,796840.5159641611,0,0.20392808188808517,0.0,0.0,
2023-12-20,796840.5159641611,796840.5159641611,0,0.20392808188808517,0.0,0.0,
2023-12-21,796840.5159641611,796840.5159641611,0,0.20392808188808517,0.0,0.0,
2023-12-22,796840.5159641611,796840.5159641611,0,0.20392808188808517,0.0,0.0,
2023-12-23,796840.5159641611,796840.5159641611,0,0.20392808188808517,0.0,0.0,
2023-12-24,796840.5159641611,796840.5159641611,0,0.20392808188808517,0.0,0.0,
2023-12-25,796840.5159641611,796840.5159641611,0,0.20392808188808517,0.0,0.0,
2023-12-26,796840.5159641611,796840.5159641611,0,0.20392808188808517,0.0,0.0,
2023-12-27,796840.5159641611,796840.5159641611,0,0.20392808188808517,0.0,0.0,
2023-12-28,796840.5159641611,796840.5159641611,0,0.20392808188808517,0.0,0.0,
2023-12-29,796840.5159641611,796840.5159641611,0,0.20392808188808517,0.0,0.0,
2023-12-30,796840.5159641611,796840.5159641611,0,0.20392808188808517,0.0,0.0,
2023-12-31,796840.5159641611,796840.5159641611,0,0.20392808188808517,0.0,0.0,
2024-01-01,796840.5159641611,796840.5159641611,0,0.20392808188808517,0.0,0.0,
2024-01-02,796840.5159641611,796840.5159641611,0,0.20392808188808517,0.0,0.0,
2024-01-03,796840.5159641611,796840.5159641611,0,0.20392808188808517,0.0,0.0,
2024-01-04,796840.5159641611,796840.5159641611,0,0.20392808188808517,0.0,0.0,
2024-01-05,796840.5159641611,796840.5159641611,0,0.20392808188808517,0.0,0.0,
2024-01-06,796840.5159641611,796840.5159641611,0,0.20392808188808517,0.0,0.0,
2024-01-07,796840.5159641611,796840.5159641611,0,0.20392808188808517,0.0,0.0,
2024-01-08,796840.5159641611,796840.5159641611,0,0.20392808188808517,0.0,0.0,
2024-01-09,796840.5159641611,796840.5159641611,0,0.20392808188808517,0.0,0.0,
2024-01-10,796840.5159641611,796840.5159641611,0,0.20392808188808517,0.0,0.0,
2024-01-11,796840.5159641611,796840.5159641611,0,0.20392808188808517,0.0,0.0,
2024-01-12,796840.5159641611,796840.5159641611,0,0.20392808188808517,0.0,0.0,
2024-01-13,796840.5159641611,796840.5159641611,0,0.20392808188808517,0.0,0.0,
2024-01-14,796840.5159641611,796840.5159641611,0,0.20392808188808517,0.0,0.0,
2024-01-15,796840.5159641611,796840.5159641611,0,0.20392808188808517,0.0,0.0,
2024-01-16,796840.5159641611,796840.5159641611,0,0.20392808188808517,0.0,0.0,
2024-01-17,796840.5159641611,796840.5159641611,0,0.20392808188808517,0.0,0.0,
2024-01-18,796840.5159641611,796840.5159641611,0,0.20392808188808517,0.0,0.0,
2024-01-19,796840.5159641611,796840.5159641611,0,0.20392808188808517,0.0,0.0,
2024-01-20,796840.5159641611,796840.5159641611,0,0.20392808188808517,0.0,0.0,
2024-01-21,796840.5159641611,796840.5159641611,0,0.20392808188808517,0.0,0.0,
2024-01-22,796840.5159641611,796840.5159641611,0,0.20392808188808517,0.0,0.0,
2024-01-23,796840.5159641611,796840.5159641611,0,0.20392808188808517,0.0,0.0,
2024-01-24,796840.5159641611,796840.5159641611,0,0.20392808188808517,0.0,0.0,
2024-01-25,796840.5159641611,796840.5159641611,0,0.20392808188808517,0.0,0.0,
2024-01-26,796840.5159641611,796840.5159641611,0,0.20392808188808517,0.0,0.0,
2024-01-27,796840.5159641611,796840.5159641611,0,0.20392808188808517,0.0,0.0,
2024-01-28,796840.5159641611,796840.5159641611,0,0.20392808188808517,0.0,0.0,
2024-01-29,796840.5159641611,796840.5159641611,0,0.20392808188808517,0.0,0.0,
2024-01-30,796840.5159641611,796840.5159641611,0,0.20392808188808517,0.0,0.0,
2024-01-31,796840.5159641611,796840.5159641611,0,0.20392808188808517,0.0,0.0,
2024-02-01,796840.5159641611,796840.5159641611,0,0.20392808188808517,0.0,0.0,
2024-02-02,796840.5159641611,796840.5159641611,0,0.20392808188808517,0.0,0.0,
2024-02-03,796840.5159641611,796840.5159641611,0,0.20392808188808517,0.0,0.0,
2024-02-04,796840.5159641611,796840.5159641611,0,0.20392808188808517,0.0,0.0,
2024-02-05,796840.5159641611,796840.5159641611,0,0.20392808188808517,0.0,0.0,
2024-02-06,796840.5159641611,796840.5159641611,0,0.20392808188808517,0.0,0.0,
2024-02-07,796840.5159641611,796840.5159641611,0,0.20392808188808517,0.0,0.0,
2024-02-08,796840.5159641611,796840.5159641611,0,0.20392808188808517,0.0,0.0,
2024-02-09,796840.5159641611,796840.5159641611,0,0.20392808188808517,0.0,0.0,
2024-02-10,796840.5159641611,796840.5159641611,0,0.20392808188808517,0.0,0.0,
2024-02-11,796840.5159641611,796840.5159641611,0,0.20392808188808517,0.0,0.0,
2024-02-12,796840.5159641611,796840.5159641611,0,0.20392808188808517,0.0,0.0,
2024-02-13,796840.5159641611,796840.5159641611,0,0.20392808188808517,0.0,0.0,
2024-02-14,796840.5159641611,796840.5159641611,0,0.20392808188808517,0.0,0.0,
2024-02-15,796840.5159641611,796840.5159641611,0,0.20392808188808517,0.0,0.0,
2024-02-16,796840.5159641611,796840.5159641611,0,0.20392808188808517,0.0,0.0,
2024-02-17,796840.5159641611,796840.5159641611,0,0.20392808188808517,0.0,0.0,
2024-02-18,796840.5159641611,796840.5159641611,0,0.20392808188808517,0.0,0.0,
2024-02-19,796840.5159641611,796840.5159641611,0,0.20392808188808517,0.0,0.0,
2024-02-20,796840.5159641611,796840.5159641611,0,0.20392808188808517,0.0,0.0,
2024-02-21,796840.5159641611,796840.5159641611,0,0.20392808188808517,0.0,0.0,
2024-02-22,796840.5159641611,796840.5159641611,0,0.20392808188808517,0.0,0.0,
2024-02-23,796840.5159641611,796840.5159641611,0,0.20392808188808517,0.0,0.0,
2024-02-24,796840.5159641611,796840.5159641611,0,0.20392808188808517,0.0,0.0,
2024-02-25,796840.5159641611,796840.5159641611,0,0.20392808188808517,0.0,0.0,
2024-02-26,796840.5159641611,796840.5159641611,0,0.20392808188808517,0.0,0.0,
2024-02-27,796840.5159641611,796840.5159641611,0,0.20392808188808517,0.0,0.0,
2024-02-28,796840.5159641611,796840.5159641611,0,0.20392808188808517,0.0,0.0,
2024-02-29,796840.5159641611,796840.5159641611,0,0.20392808188808517,0.0,0.0,
2024-03-01,796840.5159641611,796840.5159641611,0,0.20392808188808517,0.0,0.0,
2024-03-02,796840.5159641611,796840.5159641611,0,0.20392808188808517,0.0,0.0,
2024-03-03,796840.5159641611,796840.5159641611,0,0.20392808188808517,0.0,0.0,
2024-03-04,796840.5159641611,796840.5159641611,0,0.20392808188808517,0.0,0.0,
2024-03-05,796840.5159641611,796840.5159641611,0,0.20392808188808517,0.0,0.0,
2024-03-06,796840.5159641611,796840.5159641611,0,0.20392808188808517,0.0,0.0,
2024-03-07,796840.5159641611,796840.5159641611,0,0.20392808188808517,0.0,0.0,
2024-03-08,796840.5159641611,796840.5159641611,0,0.20392808188808517,0.0,0.0,
2024-03-09,796840.5159641611,796840.5159641611,0,0.20392808188808517,0.0,0.0,
2024-03-10,796840.5159641611,796840.5159641611,0,0.20392808188808517,0.0,0.0,
2024-03-11,796840.5159641611,796840.5159641611,0,0.20392808188808517,0.0,0.0,
2024-03-12,796840.5159641611,796840.5159641611,0,0.20392808188808517,0.0,0.0,
2024-03-13,796840.5159641611,796840.5159641611,0,0.20392808188808517,0.0,0.0,
2024-03-14,796840.5159641611,796840.5159641611,0,0.20392808188808517,0.0,0.0,
2024-03-15,796840.5159641611,796840.5159641611,0,0.20392808188808517,0.0,0.0,
2024-03-16,796840.5159641611,796840.5159641611,0,0.20392808188808517,0.0,0.0,
2024-03-17,796840.5159641611,796840.5159641611,0,0.20392808188808517,0.0,0.0,
2024-03-18,796840.5159641611,796840.5159641611,0,0.20392808188808517,0.0,0.0,
2024-03-19,796840.5159641611,796840.5159641611,0,0.20392808188808517,0.0,0.0,
2024-03-20,796840.5159641611,796840.5159641611,0,0.20392808188808517,0.0,0.0,
2024-03-21,796840.5159641611,796840.5159641611,0,0.20392808188808517,0.0,0.0,
2024-03-22,796840.5159641611,796840.5159641611,0,0.20392808188808517,0.0,0.0,
2024-03-23,796840.5159641611,796840.5159641611,0,0.20392808188808517,0.0,0.0,
2024-03-24,796840.5159641611,796840.5159641611,0,0.20392808188808517,0.0,0.0,
2024-03-25,796840.5159641611,796840.5159641611,0,0.20392808188808517,0.0,0.0,
2024-03-26,796840.5159641611,796840.5159641611,0,0.20392808188808517,0.0,0.0,
2024-03-27,796840.5159641611,796840.5159641611,0,0.20392808188808517,0.0,0.0,
2024-03-28,796840.5159641611,796840.5159641611,0,0.20392808188808517,0.0,0.0,
2024-03-29,796840.5159641611,796840.5159641611,0,0.20392808188808517,0.0,0.0,
2024-03-30,796840.5159641611,796840.5159641611,0,0.20392808188808517,0.0,0.0,
2024-03-31,796840.5159641611,796840.5159641611,0,0.20392808188808517,0.0,0.0,
2024-04-01,796840.5159641611,796840.5159641611,0,0.20392808188808517,0.0,0.0,
2024-04-02,796840.5159641611,796840.5159641611,0,0.20392808188808517,0.0,0.0,
2024-04-03,796840.5159641611,796840.5159641611,0,0.20392808188808517,0.0,0.0,
2024-04-04,796840.5159641611,796840.5159641611,0,0.20392808188808517,0.0,0.0,
2024-04-05,796840.5159641611,796840.5159641611,0,0.20392808188808517,0.0,0.0,
2024-04-06,796840.5159641611,796840.5159641611,0,0.20392808188808517,0.0,0.0,
2024-04-07,796840.5159641611,796840.5159641611,0,0.20392808188808517,0.0,0.0,
2024-04-08,796840.5159641611,796840.5159641611,0,0.20392808188808517,0.0,0.0,
2024-04-09,796840.5159641611,796840.5159641611,0,0.20392808188808517,0.0,0.0,
2024-04-10,796840.5159641611,796840.5159641611,0,0.20392808188808517,0.0,0.0,
2024-04-11,796840.5159641611,796840.5159641611,0,0.20392808188808517,0.0,0.0,
2024-04-12,796840.5159641611,796840.5159641611,0,0.20392808188808517,0.0,0.0,
2024-04-13,796840.5159641611,796840.5159641611,0,0.20392808188808517,0.0,0.0,
2024-04-14,796840.5159641611,796840.5159641611,0,0.20392808188808517,0.0,0.0,
2024-04-15,796840.5159641611,796840.5159641611,0,0.20392808188808517,0.0,0.0,
2024-04-16,796840.5159641611,796840.5159641611,0,0.20392808188808517,0.0,0.0,
2024-04-17,796840.5159641611,796840.5159641611,0,0.20392808188808517,0.0,0.0,
2024-04-18,796840.5159641611,796840.5159641611,0,0.20392808188808517,0.0,0.0,
2024-04-19,796840.5159641611,796840.5159641611,0,0.20392808188808517,0.0,0.0,
2024-04-20,796840.5159641611,796840.5159641611,0,0.20392808188808517,0.0,0.0,
2024-04-21,796840.5159641611,796840.5159641611,0,0.20392808188808517,0.0,0.0,
2024-04-22,796840.5159641611,796840.5159641611,0,0.20392808188808517,0.0,0.0,
2024-04-23,796840.5159641611,796840.5159641611,0,0.20392808188808517,0.0,0.0,
2024-04-24,796840.5159641611,796840.5159641611,0,0.20392808188808517,0.0,0.0,
2024-04-25,796840.5159641611,796840.5159641611,0,0.20392808188808517,0.0,0.0,
2024-04-26,796840.5159641611,796840.5159641611,0,0.20392808188808517,0.0,0.0,
2024-04-27,796840.5159641611,796840.5159641611,0,0.20392808188808517,0.0,0.0,
2024-04-28,796840.5159641611,796840.5159641611,0,0.20392808188808517,0.0,0.0,
2024-04-29,796840.5159641611,796840.5159641611,0,0.20392808188808517,0.0,0.0,
2024-04-30,796840.5159641611,796840.5159641611,0,0.20392808188808517,0.0,0.0,
2024-05-01,796840.5159641611,796840.5159641611,0,0.20392808188808517,0.0,0.0,
2024-05-02,796840.5159641611,796840.5159641611,0,0.20392808188808517,0.0,0.0,
2024-05-03,796840.5159641611,796840.5159641611,0,0.20392808188808517,0.0,0.0,
2024-05-04,796840.5159641611,796840.5159641611,0,0.20392808188808517,0.0,0.0,
2024-05-05,796840.5159641611,796840.5159641611,0,0.20392808188808517,0.0,0.0,
2024-05-06,796840.5159641611,796840.5159641611,0,0.20392808188808517,0.0,0.0,
2024-05-07,796840.5159641611,796840.5159641611,0,0.20392808188808517,0.0,0.0,
2024-05-08,796840.5159641611,796840.5159641611,0,0.20392808188808517,0.0,0.0,
2024-05-09,796840.5159641611,796840.5159641611,0,0.20392808188808517,0.0,0.0,
2024-05-10,796840.5159641611,796840.5159641611,0,0.20392808188808517,0.0,0.0,
2024-05-11,796840.5159641611,796840.5159641611,0,0.20392808188808517,0.0,0.0,
2024-05-12,796840.5159641611,796840.5159641611,0,0.20392808188808517,0.0,0.0,
2024-05-13,796840.5159641611,796840.5159641611,0,0.20392808188808517,0.0,0.0,
2024-05-14,796840.5159641611,796840.5159641611,0,0.20392808188808517,0.0,0.0,
2024-05-15,796840.5159641611,796840.5159641611,0,0.20392808188808517,0.0,0.0,
2024-05-16,796840.5159641611,796840.5159641611,0,0.20392808188808517,0.0,0.0,
2024-05-17,796840.5159641611,796840.5159641611,0,0.20392808188808517,0.0,0.0,
2024-05-18,796840.5159641611,796840.5159641611,0,0.20392808188808517,0.0,0.0,
2024-05-19,796840.5159641611,796840.5159641611,0,0.20392808188808517,0.0,0.0,
2024-05-20,796840.5159641611,796840.5159641611,0,0.20392808188808517,0.0,0.0,
2024-05-21,796840.5159641611,796840.5159641611,0,0.20392808188808517,0.0,0.0,
2024-05-22,796840.5159641611,796840.5159641611,0,0.20392808188808517,0.0,0.0,
2024-05-23,796840.5159641611,796840.5159641611,0,0.20392808188808517,0.0,0.0,
2024-05-24,796840.5159641611,796840.5159641611,0,0.20392808188808517,0.0,0.0,
2024-05-25,796840.5159641611,796840.5159641611,0,0.20392808188808517,0.0,0.0,
2024-05-26,796840.5159641611,796840.5159641611,0,0.20392808188808517,0.0,0.0,
2024-05-27,796840.5159641611,796840.5159641611,0,0.20392808188808517,0.0,0.0,
2024-05-28,796840.5159641611,796840.5159641611,0,0.20392808188808517,0.0,0.0,
2024-05-29,796840.5159641611,796840.5159641611,0,0.20392808188808517,0.0,0.0,
2024-05-30,796840.5159641611,796840.5159641611,0,0.20392808188808517,0.0,0.0,
2024-05-31,796840.5159641611,796840.5159641611,0,0.20392808188808517,0.0,0.0,
2024-06-01,796840.5159641611,796840.5159641611,0,0.20392808188808517,0.0,0.0,
2024-06-02,796840.5159641611,796840.5159641611,0,0.20392808188808517,0.0,0.0,
2024-06-03,796840.5159641611,796840.5159641611,0,0.20392808188808517,0.0,0.0,
2024-06-04,796840.5159641611,796840.5159641611,0,0.20392808188808517,0.0,0.0,
2024-06-05,796840.5159641611,796840.5159641611,0,0.20392808188808517,0.0,0.0,
2024-06-06,796840.5159641611,796840.5159641611,0,0.20392808188808517,0.0,0.0,
2024-06-07,796840.5159641611,796840.5159641611,0,0.20392808188808517,0.0,0.0,
2024-06-08,796840.5159641611,796840.5159641611,0,0.20392808188808517,0.0,0.0,
2024-06-09,796840.5159641611,796840.5159641611,0,0.20392808188808517,0.0,0.0,
2024-06-10,796840.5159641611,796840.5159641611,0,0.20392808188808517,0.0,0.0,
2024-06-11,796840.5159641611,796840.5159641611,0,0.20392808188808517,0.0,0.0,
2024-06-12,796840.5159641611,796840.5159641611,0,0.20392808188808517,0.0,0.0,
2024-06-13,796840.5159641611,796840.5159641611,0,0.20392808188808517,0.0,0.0,
2024-06-14,796840.5159641611,796840.5159641611,0,0.20392808188808517,0.0,0.0,
2024-06-15,796840.5159641611,796840.5159641611,0,0.20392808188808517,0.0,0.0,
2024-06-16,796840.5159641611,796840.5159641611,0,0.20392808188808517,0.0,0.0,
2024-06-17,796840.5159641611,796840.5159641611,0,0.20392808188808517,0.0,0.0,
2024-06-18,796840.5159641611,796840.5159641611,0,0.20392808188808517,0.0,0.0,
2024-06-19,796840.5159641611,796840.5159641611,0,0.20392808188808517,0.0,0.0,
2024-06-20,796840.5159641611,796840.5159641611,0,0.20392808188808517,0.0,0.0,
2024-06-21,796840.5159641611,796840.5159641611,0,0.20392808188808517,0.0,0.0,
2024-06-22,796840.5159641611,796840.5159641611,0,0.20392808188808517,0.0,0.0,
2024-06-23,796840.5159641611,796840.5159641611,0,0.20392808188808517,0.0,0.0,
2024-06-24,796840.5159641611,796840.5159641611,0,0.20392808188808517,0.0,0.0,
2024-06-25,796840.5159641611,796840.5159641611,0,0.20392808188808517,0.0,0.0,
2024-06-26,796840.5159641611,796840.5159641611,0,0.20392808188808517,0.0,0.0,
2024-06-27,796840.5159641611,796840.5159641611,0,0.20392808188808517,0.0,0.0,
2024-06-28,796840.5159641611,796840.5159641611,0,0.20392808188808517,0.0,0.0,
2024-06-29,796840.5159641611,796840.5159641611,0,0.20392808188808517,0.0,0.0,
2024-06-30,796840.5159641611,796840.5159641611,0,0.20392808188808517,0.0,0.0,
2024-07-01,796840.5159641611,796840.5159641611,0,0.20392808188808517,0.0,0.0,
2024-07-02,796840.5159641611,796840.5159641611,0,0.20392808188808517,0.0,0.0,
2024-07-03,796840.5159641611,796840.5159641611,0,0.20392808188808517,0.0,0.0,
2024-07-04,796840.5159641611,796840.5159641611,0,0.20392808188808517,0.0,0.0,
2024-07-05,796840.5159641611,796840.5159641611,0,0.20392808188808517,0.0,0.0,
2024-07-06,796840.5159641611,796840.5159641611,0,0.20392808188808517,0.0,0.0,
2024-07-07,796840.5159641611,796840.5159641611,0,0.20392808188808517,0.0,0.0,
2024-07-08,796840.5159641611,796840.5159641611,0,0.20392808188808517,0.0,0.0,
2024-07-09,796840.5159641611,796840.5159641611,0,0.20392808188808517,0.0,0.0,
2024-07-10,796840.5159641611,796840.5159641611,0,0.20392808188808517,0.0,0.0,
2024-07-11,796840.5159641611,796840.5159641611,0,0.20392808188808517,0.0,0.0,
2024-07-12,796840.5159641611,796840.5159641611,0,0.20392808188808517,0.0,0.0,
2024-07-13,796840.5159641611,796840.5159641611,0,0.20392808188808517,0.0,0.0,
2024-07-14,796840.5159641611,796840.5159641611,0,0.20392808188808517,0.0,0.0,
2024-07-15,796840.5159641611,796840.5159641611,0,0.20392808188808517,0.0,0.0,
2024-07-16,796840.5159641611,796840.5159641611,0,0.20392808188808517,0.0,0.0,
2024-07-17,796840.5159641611,796840.5159641611,0,0.20392808188808517,0.0,0.0,
2024-07-18,796840.5159641611,796840.5159641611,0,0.20392808188808517,0.0,0.0,
2024-07-19,796840.5159641611,796840.5159641611,0,0.20392808188808517,0.0,0.0,
2024-07-20,796840.5159641611,796840.5159641611,0,0.20392808188808517,0.0,0.0,
2024-07-21,796840.5159641611,796840.5159641611,0,0.20392808188808517,0.0,0.0,
2024-07-22,796840.5159641611,796840.5159641611,0,0.20392808188808517,0.0,0.0,
2024-07-23,796840.5159641611,796840.5159641611,0,0.20392808188808517,0.0,0.0,
2024-07-24,796840.5159641611,796840.5159641611,0,0.20392808188808517,0.0,0.0,
2024-07-25,796840.5159641611,796840.5159641611,0,0.20392808188808517,0.0,0.0,
2024-07-26,796840.5159641611,796840.5159641611,0,0.20392808188808517,0.0,0.0,
2024-07-27,796840.5159641611,796840.5159641611,0,0.20392808188808517,0.0,0.0,
2024-07-28,796840.5159641611,796840.5159641611,0,0.20392808188808517,0.0,0.0,
2024-07-29,796840.5159641611,796840.5159641611,0,0.20392808188808517,0.0,0.0,
2024-07-30,796840.5159641611,796840.5159641611,0,0.20392808188808517,0.0,0.0,
2024-07-31,796840.5159641611,796840.5159641611,0,0.20392808188808517,0.0,0.0,
2024-08-01,796840.5159641611,796840.5159641611,0,0.20392808188808517,0.0,0.0,
2024-08-02,796840.5159641611,796840.5159641611,0,0.20392808188808517,0.0,0.0,
2024-08-03,796840.5159641611,796840.5159641611,0,0.20392808188808517,0.0,0.0,
2024-08-04,796840.5159641611,796840.5159641611,0,0.20392808188808517,0.0,0.0,
2024-08-05,796840.5159641611,796840.5159641611,0,0.20392808188808517,0.0,0.0,
2024-08-06,796840.5159641611,796840.5159641611,0,0.20392808188808517,0.0,0.0,
2024-08-07,796840.5159641611,796840.5159641611,0,0.20392808188808517,0.0,0.0,
2024-08-08,796840.5159641611,796840.5159641611,0,0.20392808188808517,0.0,0.0,
2024-08-09,796840.5159641611,796840.5159641611,0,0.20392808188808517,0.0,0.0,
2024-08-10,796840.5159641611,796840.5159641611,0,0.20392808188808517,0.0,0.0,
2024-08-11,796840.5159641611,796840.5159641611,0,0.20392808188808517,0.0,0.0,
2024-08-12,796840.5159641611,796840.5159641611,0,0.20392808188808517,0.0,0.0,
2024-08-13,796840.5159641611,796840.5159641611,0,0.20392808188808517,0.0,0.0,
2024-08-14,796840.5159641611,796840.5159641611,0,0.20392808188808517,0.0,0.0,
2024-08-15,796840.5159641611,796840.5159641611,0,0.20392808188808517,0.0,0.0,
2024-08-16,796840.5159641611,796840.5159641611,0,0.20392808188808517,0.0,0.0,
2024-08-17,796840.5159641611,796840.5159641611,0,0.20392808188808517,0.0,0.0,
2024-08-18,796840.5159641611,796840.5159641611,0,0.20392808188808517,0.0,0.0,
2024-08-19,796840.5159641611,796840.5159641611,0,0.20392808188808517,0.0,0.0,
2024-08-20,796840.5159641611,796840.5159641611,0,0.20392808188808517,0.0,0.0,
2024-08-21,796840.5159641611,796840.5159641611,0,0.20392808188808517,0.0,0.0,
2024-08-22,796840.5159641611,796840.5159641611,0,0.20392808188808517,0.0,0.0,
2024-08-23,796840.5159641611,796840.5159641611,0,0.20392808188808517,0.0,0.0,
2024-08-24,796840.5159641611,796840.5159641611,0,0.20392808188808517,0.0,0.0,
2024-08-25,796840.5159641611,796840.5159641611,0,0.20392808188808517,0.0,0.0,
2024-08-26,796840.5159641611,796840.5159641611,0,0.20392808188808517,0.0,0.0,
2024-08-27,796840.5159641611,796840.5159641611,0,0.20392808188808517,0.0,0.0,
2024-08-28,796840.5159641611,796840.5159641611,0,0.20392808188808517,0.0,0.0,
2024-08-29,796840.5159641611,796840.5159641611,0,0.20392808188808517,0.0,0.0,
2024-08-30,796840.5159641611,796840.5159641611,0,0.20392808188808517,0.0,0.0,
2024-08-31,796840.5159641611,796840.5159641611,0,0.20392808188808517,0.0,0.0,
2024-09-01,796840.5159641611,796840.5159641611,0,0.20392808188808517,0.0,0.0,
2024-09-02,796840.5159641611,796840.5159641611,0,0.20392808188808517,0.0,0.0,
2024-09-03,796840.5159641611,796840.5159641611,0,0.20392808188808517,0.0,0.0,
2024-09-04,796840.5159641611,796840.5159641611,0,0.20392808188808517,0.0,0.0,
2024-09-05,796840.5159641611,796840.5159641611,0,0.20392808188808517,0.0,0.0,
2024-09-06,796840.5159641611,796840.5159641611,0,0.20392808188808517,0.0,0.0,
2024-09-07,796840.5159641611,796840.5159641611,0,0.20392808188808517,0.0,0.0,
2024-09-08,796840.5159641611,796840.5159641611,0,0.20392808188808517,0.0,0.0,
2024-09-09,796840.5159641611,796840.5159641611,0,0.20392808188808517,0.0,0.0,
2024-09-10,796840.5159641611,796840.5159641611,0,0.20392808188808517,0.0,0.0,
2024-09-11,796840.5159641611,796840.5159641611,0,0.20392808188808517,0.0,0.0,
2024-09-12,796840.5159641611,796840.5159641611,0,0.20392808188808517,0.0,0.0,
2024-09-13,796840.5159641611,796840.5159641611,0,0.20392808188808517,0.0,0.0,
2024-09-14,796840.5159641611,796840.5159641611,0,0.20392808188808517,0.0,0.0,
2024-09-15,796840.5159641611,796840.5159641611,0,0.20392808188808517,0.0,0.0,
2024-09-16,796840.5159641611,796840.5159641611,0,0.20392808188808517,0.0,0.0,
2024-09-17,796840.5159641611,796840.5159641611,0,0.20392808188808517,0.0,0.0,
2024-09-18,796840.5159641611,796840.5159641611,0,0.20392808188808517,0.0,0.0,
2024-09-19,796840.5159641611,796840.5159641611,0,0.20392808188808517,0.0,0.0,
2024-09-20,796840.5159641611,796840.5159641611,0,0.20392808188808517,0.0,0.0,
2024-09-21,796840.5159641611,796840.5159641611,0,0.20392808188808517,0.0,0.0,
2024-09-22,796840.5159641611,796840.5159641611,0,0.20392808188808517,0.0,0.0,
2024-09-23,796840.5159641611,796840.5159641611,0,0.20392808188808517,0.0,0.0,
2024-09-24,796840.5159641611,796840.5159641611,0,0.20392808188808517,0.0,0.0,
2024-09-25,796840.5159641611,796840.5159641611,0,0.20392808188808517,0.0,0.0,
2024-09-26,796840.5159641611,796840.5159641611,0,0.20392808188808517,0.0,0.0,
2024-09-27,796840.5159641611,796840.5159641611,0,0.20392808188808517,0.0,0.0,
2024-09-28,796840.5159641611,796840.5159641611,0,0.20392808188808517,0.0,0.0,
2024-09-29,796840.5159641611,796840.5159641611,0,0.20392808188808517,0.0,0.0,
2024-09-30,796840.5159641611,796840.5159641611,0,0.20392808188808517,0.0,0.0,
2024-10-01,796840.5159641611,796840.5159641611,0,0.20392808188808517,0.0,0.0,
2024-10-02,796840.5159641611,796840.5159641611,0,0.20392808188808517,0.0,0.0,
2024-10-03,796840.5159641611,796840.5159641611,0,0.20392808188808517,0.0,0.0,
2024-10-04,796840.5159641611,796840.5159641611,0,0.20392808188808517,0.0,0.0,
2024-10-05,796840.5159641611,796840.5159641611,0,0.20392808188808517,0.0,0.0,
2024-10-06,796840.5159641611,796840.5159641611,0,0.20392808188808517,0.0,0.0,
2024-10-07,796840.5159641611,796840.5159641611,0,0.20392808188808517,0.0,0.0,
2024-10-08,796840.5159641611,796840.5159641611,0,0.20392808188808517,0.0,0.0,
2024-10-09,796840.5159641611,796840.5159641611,0,0.20392808188808517,0.0,0.0,
2024-10-10,796840.5159641611,796840.5159641611,0,0.20392808188808517,0.0,0.0,
2024-10-11,796840.5159641611,796840.5159641611,0,0.20392808188808517,0.0,0.0,
2024-10-12,796840.5159641611,796840.5159641611,0,0.20392808188808517,0.0,0.0,
2024-10-13,796840.5159641611,796840.5159641611,0,0.20392808188808517,0.0,0.0,
2024-10-14,796840.5159641611,796840.5159641611,0,0.20392808188808517,0.0,0.0,
2024-10-15,796840.5159641611,796840.5159641611,0,0.20392808188808517,0.0,0.0,
2024-10-16,796840.5159641611,796840.5159641611,0,0.20392808188808517,0.0,0.0,
2024-10-17,796840.5159641611,796840.5159641611,0,0.20392808188808517,0.0,0.0,
2024-10-18,796840.5159641611,796840.5159641611,0,0.20392808188808517,0.0,0.0,
2024-10-19,796840.5159641611,796840.5159641611,0,0.20392808188808517,0.0,0.0,
2024-10-20,796840.5159641611,796840.5159641611,0,0.20392808188808517,0.0,0.0,
2024-10-21,796840.5159641611,796840.5159641611,0,0.20392808188808517,0.0,0.0,
2024-10-22,796840.5159641611,796840.5159641611,0,0.20392808188808517,0.0,0.0,
2024-10-23,796840.5159641611,796840.5159641611,0,0.20392808188808517,0.0,0.0,
2024-10-24,796840.5159641611,796840.5159641611,0,0.20392808188808517,0.0,0.0,
2024-10-25,796840.5159641611,796840.5159641611,0,0.20392808188808517,0.0,0.0,
2024-10-26,796840.5159641611,796840.5159641611,0,0.20392808188808517,0.0,0.0,
2024-10-27,796840.5159641611,796840.5159641611,0,0.20392808188808517,0.0,0.0,
2024-10-28,796840.5159641611,796840.5159641611,0,0.20392808188808517,0.0,0.0,
2024-10-29,796840.5159641611,796840.5159641611,0,0.20392808188808517,0.0,0.0,
2024-10-30,796840.5159641611,796840.5159641611,0,0.20392808188808517,0.0,0.0,
2024-10-31,796840.5159641611,796840.5159641611,0,0.20392808188808517,0.0,0.0,
2024-11-01,796840.5159641611,796840.5159641611,0,0.20392808188808517,0.0,0.0,
2024-11-02,796840.5159641611,796840.5159641611,0,0.20392808188808517,0.0,0.0,
2024-11-03,796840.5159641611,796840.5159641611,0,0.20392808188808517,0.0,0.0,
2024-11-04,796840.5159641611,796840.5159641611,0,0.20392808188808517,0.0,0.0,
2024-11-05,796840.5159641611,796840.5159641611,0,0.20392808188808517,0.0,0.0,
2024-11-06,796840.5159641611,796840.5159641611,0,0.20392808188808517,0.0,0.0,
2024-11-07,796840.5159641611,796840.5159641611,0,0.20392808188808517,0.0,0.0,
2024-11-08,796840.5159641611,796840.5159641611,0,0.20392808188808517,0.0,0.0,
2024-11-09,796840.5159641611,796840.5159641611,0,0.20392808188808517,0.0,0.0,
2024-11-10,796840.5159641611,796840.5159641611,0,0.20392808188808517,0.0,0.0,
2024-11-11,796840.5159641611,796840.5159641611,0,0.20392808188808517,0.0,0.0,
2024-11-12,796840.5159641611,796840.5159641611,0,0.20392808188808517,0.0,0.0,
2024-11-13,796840.5159641611,796840.5159641611,0,0.20392808188808517,0.0,0.0,
2024-11-14,796840.5159641611,796840.5159641611,0,0.20392808188808517,0.0,0.0,
2024-11-15,796840.5159641611,796840.5159641611,0,0.20392808188808517,0.0,0.0,
2024-11-16,796840.5159641611,796840.5159641611,0,0.20392808188808517,0.0,0.0,
2024-11-17,796840.5159641611,796840.5159641611,0,0.20392808188808517,0.0,0.0,
2024-11-18,796840.5159641611,796840.5159641611,0,0.20392808188808517,0.0,0.0,
2024-11-19,796840.5159641611,796840.5159641611,0,0.20392808188808517,0.0,0.0,
2024-11-20,796840.5159641611,796840.5159641611,0,0.20392808188808517,0.0,0.0,
2024-11-21,796840.5159641611,796840.5159641611,0,0.20392808188808517,0.0,0.0,
2024-11-22,796840.5159641611,796840.5159641611,0,0.20392808188808517,0.0,0.0,
2024-11-23,796840.5159641611,796840.5159641611,0,0.20392808188808517,0.0,0.0,
2024-11-24,796840.5159641611,796840.5159641611,0,0.20392808188808517,0.0,0.0,
2024-11-25,796840.5159641611,796840.5159641611,0,0.20392808188808517,0.0,0.0,
2024-11-26,796840.5159641611,796840.5159641611,0,0.20392808188808517,0.0,0.0,
2024-11-27,796840.5159641611,796840.5159641611,0,0.20392808188808517,0.0,0.0,
2024-11-28,796840.5159641611,796840.5159641611,0,0.20392808188808517,0.0,0.0,
2024-11-29,796840.5159641611,796840.5159641611,0,0.20392808188808517,0.0,0.0,
2024-11-30,796840.5159641611,796840.5159641611,0,0.20392808188808517,0.0,0.0,
2024-12-01,796840.5159641611,796840.5159641611,0,0.20392808188808517,0.0,0.0,
2024-12-02,796840.5159641611,796840.5159641611,0,0.20392808188808517,0.0,0.0,
2024-12-03,796840.5159641611,796840.5159641611,0,0.20392808188808517,0.0,0.0,
2024-12-04,796840.5159641611,796840.5159641611,0,0.20392808188808517,0.0,0.0,
2024-12-05,796840.5159641611,796840.5159641611,0,0.20392808188808517,0.0,0.0,
2024-12-06,796840.5159641611,796840.5159641611,0,0.20392808188808517,0.0,0.0,
2024-12-07,796840.5159641611,796840.5159641611,0,0.20392808188808517,0.0,0.0,
2024-12-08,796840.5159641611,796840.5159641611,0,0.20392808188808517,0.0,0.0,
2024-12-09,796840.5159641611,796840.5159641611,0,0.20392808188808517,0.0,0.0,
2024-12-10,796840.5159641611,796840.5159641611,0,0.20392808188808517,0.0,0.0,
2024-12-11,796840.5159641611,796840.5159641611,0,0.20392808188808517,0.0,0.0,
2024-12-12,796840.5159641611,796840.5159641611,0,0.20392808188808517,0.0,0.0,
2024-12-13,796840.5159641611,796840.5159641611,0,0.20392808188808517,0.0,0.0,
2024-12-14,796840.5159641611,796840.5159641611,0,0.20392808188808517,0.0,0.0,
2024-12-15,796840.5159641611,796840.5159641611,0,0.20392808188808517,0.0,0.0,
2024-12-16,796840.5159641611,796840.5159641611,0,0.20392808188808517,0.0,0.0,
2024-12-17,796840.5159641611,796840.5159641611,0,0.20392808188808517,0.0,0.0,
2024-12-18,796840.5159641611,796840.5159641611,0,0.20392808188808517,0.0,0.0,
2024-12-19,796840.5159641611,796840.5159641611,0,0.20392808188808517,0.0,0.0,
2024-12-20,796840.5159641611,796840.5159641611,0,0.20392808188808517,0.0,0.0,
2024-12-21,796840.5159641611,796840.5159641611,0,0.20392808188808517,0.0,0.0,
2024-12-22,796840.5159641611,796840.5159641611,0,0.20392808188808517,0.0,0.0,
2024-12-23,796840.5159641611,796840.5159641611,0,0.20392808188808517,0.0,0.0,
2024-12-24,796840.5159641611,796840.5159641611,0,0.20392808188808517,0.0,0.0,
2024-12-25,796840.5159641611,796840.5159641611,0,0.20392808188808517,0.0,0.0,
2024-12-26,796840.5159641611,796840.5159641611,0,0.20392808188808517,0.0,0.0,
2024-12-27,796840.5159641611,796840.5159641611,0,0.20392808188808517,0.0,0.0,
2024-12-28,796840.5159641611,796840.5159641611,0,0.20392808188808517,0.0,0.0,
2024-12-29,796840.5159641611,796840.5159641611,0,0.20392808188808517,0.0,0.0,
2024-12-30,796840.5159641611,796840.5159641611,0,0.20392808188808517,0.0,0.0,
2024-12-31,796840.5159641611,796840.5159641611,0,0.20392808188808517,0.0,0.0,
2025-01-01,796840.5159641611,796840.5159641611,0,0.20392808188808517,0.0,0.0,
2025-01-02,796840.5159641611,796840.5159641611,0,0.20392808188808517,0.0,0.0,
2025-01-03,796840.5159641611,796840.5159641611,0,0.20392808188808517,0.0,0.0,
2025-01-04,796840.5159641611,796840.5159641611,0,0.20392808188808517,0.0,0.0,
2025-01-05,796840.5159641611,796840.5159641611,0,0.20392808188808517,0.0,0.0,
2025-01-06,796840.5159641611,796840.5159641611,0,0.20392808188808517,0.0,0.0,
2025-01-07,796840.5159641611,796840.5159641611,0,0.20392808188808517,0.0,0.0,
2025-01-08,796840.5159641611,796840.5159641611,0,0.20392808188808517,0.0,0.0,
2025-01-09,796840.5159641611,796840.5159641611,0,0.20392808188808517,0.0,0.0,
2025-01-10,796840.5159641611,796840.5159641611,0,0.20392808188808517,0.0,0.0,
2025-01-11,796840.5159641611,796840.5159641611,0,0.20392808188808517,0.0,0.0,
2025-01-12,796840.5159641611,796840.5159641611,0,0.20392808188808517,0.0,0.0,
2025-01-13,796840.5159641611,796840.5159641611,0,0.20392808188808517,0.0,0.0,
2025-01-14,796840.5159641611,796840.5159641611,0,0.20392808188808517,0.0,0.0,
2025-01-15,796840.5159641611,796840.5159641611,0,0.20392808188808517,0.0,0.0,
2025-01-16,796840.5159641611,796840.5159641611,0,0.20392808188808517,0.0,0.0,
2025-01-17,796840.5159641611,796840.5159641611,0,0.20392808188808517,0.0,0.0,
2025-01-18,796840.5159641611,796840.5159641611,0,0.20392808188808517,0.0,0.0,
2025-01-19,796840.5159641611,796840.5159641611,0,0.20392808188808517,0.0,0.0,
2025-01-20,796840.5159641611,796840.5159641611,0,0.20392808188808517,0.0,0.0,
2025-01-21,796840.5159641611,796840.5159641611,0,0.20392808188808517,0.0,0.0,
2025-01-22,796840.5159641611,796840.5159641611,0,0.20392808188808517,0.0,0.0,
2025-01-23,796840.5159641611,796840.5159641611,0,0.20392808188808517,0.0,0.0,
2025-01-24,796840.5159641611,796840.5159641611,0,0.20392808188808517,0.0,0.0,
2025-01-25,796840.5159641611,796840.5159641611,0,0.20392808188808517,0.0,0.0,
2025-01-26,796840.5159641611,796840.5159641611,0,0.20392808188808517,0.0,0.0,
2025-01-27,796840.5159641611,796840.5159641611,0,0.20392808188808517,0.0,0.0,
2025-01-28,796840.5159641611,796840.5159641611,0,0.20392808188808517,0.0,0.0,
2025-01-29,796840.5159641611,796840.5159641611,0,0.20392808188808517,0.0,0.0,
2025-01-30,796840.5159641611,796840.5159641611,0,0.20392808188808517,0.0,0.0,
2025-01-31,796840.5159641611,796840.5159641611,0,0.20392808188808517,0.0,0.0,
2025-02-01,796840.5159641611,796840.5159641611,0,0.20392808188808517,0.0,0.0,
2025-02-02,796840.5159641611,796840.5159641611,0,0.20392808188808517,0.0,0.0,
2025-02-03,796840.5159641611,796840.5159641611,0,0.20392808188808517,0.0,0.0,
2025-02-04,796840.5159641611,796840.5159641611,0,0.20392808188808517,0.0,0.0,
2025-02-05,796840.5159641611,796840.5159641611,0,0.20392808188808517,0.0,0.0,
2025-02-06,796840.5159641611,796840.5159641611,0,0.20392808188808517,0.0,0.0,
2025-02-07,796840.5159641611,796840.5159641611,0,0.20392808188808517,0.0,0.0,
2025-02-08,796840.5159641611,796840.5159641611,0,0.20392808188808517,0.0,0.0,
2025-02-09,796840.5159641611,796840.5159641611,0,0.20392808188808517,0.0,0.0,
2025-02-10,796840.5159641611,796840.5159641611,0,0.20392808188808517,0.0,0.0,
2025-02-11,796840.5159641611,796840.5159641611,0,0.20392808188808517,0.0,0.0,
2025-02-12,796840.5159641611,796840.5159641611,0,0.20392808188808517,0.0,0.0,
2025-02-13,796840.5159641611,796840.5159641611,0,0.20392808188808517,0.0,0.0,
2025-02-14,796840.5159641611,796840.5159641611,0,0.20392808188808517,0.0,0.0,
2025-02-15,796840.5159641611,796840.5159641611,0,0.20392808188808517,0.0,0.0,
2025-02-16,796840.5159641611,796840.5159641611,0,0.20392808188808517,0.0,0.0,
2025-02-17,796840.5159641611,796840.5159641611,0,0.20392808188808517,0.0,0.0,
2025-02-18,796840.5159641611,796840.5159641611,0,0.20392808188808517,0.0,0.0,
2025-02-19,796840.5159641611,796840.5159641611,0,0.20392808188808517,0.0,0.0,
2025-02-20,796840.5159641611,796840.5159641611,0,0.20392808188808517,0.0,0.0,
2025-02-21,796840.5159641611,796840.5159641611,0,0.20392808188808517,0.0,0.0,
2025-02-22,796840.5159641611,796840.5159641611,0,0.20392808188808517,0.0,0.0,
2025-02-23,796840.5159641611,796840.5159641611,0,0.20392808188808517,0.0,0.0,
2025-02-24,796840.5159641611,796840.5159641611,0,0.20392808188808517,0.0,0.0,
2025-02-25,796840.5159641611,796840.5159641611,0,0.20392808188808517,0.0,0.0,
2025-02-26,796840.5159641611,796840.5159641611,0,0.20392808188808517,0.0,0.0,
2025-02-27,796840.5159641611,796840.5159641611,0,0.20392808188808517,0.0,0.0,
2025-02-28,796840.5159641611,796840.5159641611,0,0.20392808188808517,0.0,0.0,
2025-03-01,796840.5159641611,796840.5159641611,0,0.20392808188808517,0.0,0.0,
2025-03-02,796840.5159641611,796840.5159641611,0,0.20392808188808517,0.0,0.0,
2025-03-03,796840.5159641611,796840.5159641611,0,0.20392808188808517,0.0,0.0,
2025-03-04,796840.5159641611,796840.5159641611,0,0.20392808188808517,0.0,0.0,
2025-03-05,796840.5159641611,796840.5159641611,0,0.20392808188808517,0.0,0.0,
2025-03-06,796840.5159641611,796840.5159641611,0,0.20392808188808517,0.0,0.0,
2025-03-07,796840.5159641611,796840.5159641611,0,0.20392808188808517,0.0,0.0,
2025-03-08,796840.5159641611,796840.5159641611,0,0.20392808188808517,0.0,0.0,
2025-03-09,796840.5159641611,796840.5159641611,0,0.20392808188808517,0.0,0.0,
2025-03-10,796840.5159641611,796840.5159641611,0,0.20392808188808517,0.0,0.0,
2025-03-11,796840.5159641611,796840.5159641611,0,0.20392808188808517,0.0,0.0,
2025-03-12,796840.5159641611,796840.5159641611,0,0.20392808188808517,0.0,0.0,
2025-03-13,796840.5159641611,796840.5159641611,0,0.20392808188808517,0.0,0.0,
2025-03-14,796840.5159641611,796840.5159641611,0,0.20392808188808517,0.0,0.0,
2025-03-15,796840.5159641611,796840.5159641611,0,0.20392808188808517,0.0,0.0,
2025-03-16,796840.5159641611,796840.5159641611,0,0.20392808188808517,0.0,0.0,
2025-03-17,796840.5159641611,796840.5159641611,0,0.20392808188808517,0.0,0.0,
2025-03-18,796840.5159641611,796840.5159641611,0,0.20392808188808517,0.0,0.0,
2025-03-19,796840.5159641611,796840.5159641611,0,0.20392808188808517,0.0,0.0,
2025-03-20,796840.5159641611,796840.5159641611,0,0.20392808188808517,0.0,0.0,
2025-03-21,796840.5159641611,796840.5159641611,0,0.20392808188808517,0.0,0.0,
2025-03-22,796840.5159641611,796840.5159641611,0,0.20392808188808517,0.0,0.0,
2025-03-23,796840.5159641611,796840.5159641611,0,0.20392808188808517,0.0,0.0,
2025-03-24,796840.5159641611,796840.5159641611,0,0.20392808188808517,0.0,0.0,
2025-03-25,796840.5159641611,796840.5159641611,0,0.20392808188808517,0.0,0.0,
2025-03-26,796840.5159641611,796840.5159641611,0,0.20392808188808517,0.0,0.0,
2025-03-27,796840.5159641611,796840.5159641611,0,0.20392808188808517,0.0,0.0,
2025-03-28,796840.5159641611,796840.5159641611,0,0.20392808188808517,0.0,0.0,
2025-03-29,796840.5159641611,796840.5159641611,0,0.20392808188808517,0.0,0.0,
2025-03-30,796840.5159641611,796840.5159641611,0,0.20392808188808517,0.0,0.0,
2025-03-31,796840.5159641611,796840.5159641611,0,0.20392808188808517,0.0,0.0,
2025-04-01,796840.5159641611,796840.5159641611,0,0.20392808188808517,0.0,0.0,
2025-04-02,796840.5159641611,796840.5159641611,0,0.20392808188808517,0.0,0.0,
2025-04-03,796840.5159641611,796840.5159641611,0,0.20392808188808517,0.0,0.0,
2025-04-04,796840.5159641611,796840.5159641611,0,0.20392808188808517,0.0,0.0,
2025-04-05,796840.5159641611,796840.5159641611,0,0.20392808188808517,0.0,0.0,
2025-04-06,796840.5159641611,796840.5159641611,0,0.20392808188808517,0.0,0.0,
2025-04-07,796840.5159641611,796840.5159641611,0,0.20392808188808517,0.0,0.0,
2025-04-08,796840.5159641611,796840.5159641611,0,0.20392808188808517,0.0,0.0,
2025-04-09,796840.5159641611,796840.5159641611,0,0.20392808188808517,0.0,0.0,
2025-04-10,796840.5159641611,796840.5159641611,0,0.20392808188808517,0.0,0.0,
2025-04-11,796840.5159641611,796840.5159641611,0,0.20392808188808517,0.0,0.0,
2025-04-12,796840.5159641611,796840.5159641611,0,0.20392808188808517,0.0,0.0,
2025-04-13,796840.5159641611,796840.5159641611,0,0.20392808188808517,0.0,0.0,
2025-04-14,796840.5159641611,796840.5159641611,0,0.20392808188808517,0.0,0.0,
2025-04-15,796840.5159641611,796840.5159641611,0,0.20392808188808517,0.0,0.0,
2025-04-16,796840.5159641611,796840.5159641611,0,0.20392808188808517,0.0,0.0,
2025-04-17,796840.5159641611,796840.5159641611,0,0.20392808188808517,0.0,0.0,
2025-04-18,796840.5159641611,796840.5159641611,0,0.20392808188808517,0.0,0.0,
2025-04-19,796840.5159641611,796840.5159641611,0,0.20392808188808517,0.0,0.0,
2025-04-20,796840.5159641611,796840.5159641611,0,0.20392808188808517,0.0,0.0,
2025-04-21,796840.5159641611,796840.5159641611,0,0.20392808188808517,0.0,0.0,
2025-04-22,796840.5159641611,796840.5159641611,0,0.20392808188808517,0.0,0.0,
2025-04-23,796840.5159641611,796840.5159641611,0,0.20392808188808517,0.0,0.0,
2025-04-24,796840.5159641611,796840.5159641611,0,0.20392808188808517,0.0,0.0,
2025-04-25,796840.5159641611,796840.5159641611,0,0.20392808188808517,0.0,0.0,
2025-04-26,796840.5159641611,796840.5159641611,0,0.20392808188808517,0.0,0.0,
2025-04-27,796840.5159641611,796840.5159641611,0,0.20392808188808517,0.0,0.0,
2025-04-28,796840.5159641611,796840.5159641611,0,0.20392808188808517,0.0,0.0,
2025-04-29,796840.5159641611,796840.5159641611,0,0.20392808188808517,0.0,0.0,
2025-04-30,796840.5159641611,796840.5159641611,0,0.20392808188808517,0.0,0.0,
2025-05-01,796840.5159641611,796840.5159641611,0,0.20392808188808517,0.0,0.0,
2025-05-02,796840.5159641611,796840.5159641611,0,0.20392808188808517,0.0,0.0,
2025-05-03,796840.5159641611,796840.5159641611,0,0.20392808188808517,0.0,0.0,
2025-05-04,796840.5159641611,796840.5159641611,0,0.20392808188808517,0.0,0.0,
2025-05-05,796840.5159641611,796840.5159641611,0,0.20392808188808517,0.0,0.0,
2025-05-06,796840.5159641611,796840.5159641611,0,0.20392808188808517,0.0,0.0,
2025-05-07,796840.5159641611,796840.5159641611,0,0.20392808188808517,0.0,0.0,
2025-05-08,796840.5159641611,796840.5159641611,0,0.20392808188808517,0.0,0.0,
2025-05-09,796840.5159641611,796840.5159641611,0,0.20392808188808517,0.0,0.0,
2025-05-10,796840.5159641611,796840.5159641611,0,0.20392808188808517,0.0,0.0,
2025-05-11,796840.5159641611,796840.5159641611,0,0.20392808188808517,0.0,0.0,
2025-05-12,796840.5159641611,796840.5159641611,0,0.20392808188808517,0.0,0.0,
2025-05-13,796840.5159641611,796840.5159641611,0,0.20392808188808517,0.0,0.0,
2025-05-14,796840.5159641611,796840.5159641611,0,0.20392808188808517,0.0,0.0,
2025-05-15,796840.5159641611,796840.5159641611,0,0.20392808188808517,0.0,0.0,
2025-05-16,796840.5159641611,796840.5159641611,0,0.20392808188808517,0.0,0.0,
2025-05-17,796840.5159641611,796840.5159641611,0,0.20392808188808517,0.0,0.0,
2025-05-18,796840.5159641611,796840.5159641611,0,0.20392808188808517,0.0,0.0,
2025-05-19,796840.5159641611,796840.5159641611,0,0.20392808188808517,0.0,0.0,
2025-05-20,796840.5159641611,796840.5159641611,0,0.20392808188808517,0.0,0.0,
2025-05-21,796840.5159641611,796840.5159641611,0,0.20392808188808517,0.0,0.0,
2025-05-22,796840.5159641611,796840.5159641611,0,0.20392808188808517,0.0,0.0,
2025-05-23,796840.5159641611,796840.5159641611,0,0.20392808188808517,0.0,0.0,
2025-05-24,796840.5159641611,796840.5159641611,0,0.20392808188808517,0.0,0.0,
2025-05-25,796840.5159641611,796840.5159641611,0,0.20392808188808517,0.0,0.0,
2025-05-26,796840.5159641611,796840.5159641611,0,0.20392808188808517,0.0,0.0,
2025-05-27,796840.5159641611,796840.5159641611,0,0.20392808188808517,0.0,0.0,
2025-05-28,796840.5159641611,796840.5159641611,0,0.20392808188808517,0.0,0.0,
2025-05-29,796840.5159641611,796840.5159641611,0,0.20392808188808517,0.0,0.0,
2025-05-30,796840.5159641611,796840.5159641611,0,0.20392808188808517,0.0,0.0,
2025-05-31,796840.5159641611,796840.5159641611,0,0.20392808188808517,0.0,0.0,
2025-06-01,796840.5159641611,796840.5159641611,0,0.20392808188808517,0.0,0.0,
2025-06-02,796840.5159641611,796840.5159641611,0,0.20392808188808517,0.0,0.0,
2025-06-03,796840.5159641611,796840.5159641611,0,0.20392808188808517,0.0,0.0,
2025-06-04,796840.5159641611,796840.5159641611,0,0.20392808188808517,0.0,0.0,
2025-06-05,796840.5159641611,796840.5159641611,0,0.20392808188808517,0.0,0.0,
2025-06-06,796840.5159641611,796840.5159641611,0,0.20392808188808517,0.0,0.0,
2025-06-07,796840.5159641611,796840.5159641611,0,0.20392808188808517,0.0,0.0,
2025-06-08,796840.5159641611,796840.5159641611,0,0.20392808188808517,0.0,0.0,
2025-06-09,796840.5159641611,796840.5159641611,0,0.20392808188808517,0.0,0.0,
2025-06-10,796840.5159641611,796840.5159641611,0,0.20392808188808517,0.0,0.0,
2025-06-11,796840.5159641611,796840.5159641611,0,0.20392808188808517,0.0,0.0,
2025-06-12,796840.5159641611,796840.5159641611,0,0.20392808188808517,0.0,0.0,
2025-06-13,796840.5159641611,796840.5159641611,0,0.20392808188808517,0.0,0.0,
2025-06-14,796840.5159641611,796840.5159641611,0,0.20392808188808517,0.0,0.0,
2025-06-15,796840.5159641611,796840.5159641611,0,0.20392808188808517,0.0,0.0,
2025-06-16,796840.5159641611,796840.5159641611,0,0.20392808188808517,0.0,0.0,
2025-06-17,796840.5159641611,796840.5159641611,0,0.20392808188808517,0.0,0.0,
2025-06-18,796840.5159641611,796840.5159641611,0,0.20392808188808517,0.0,0.0,
2025-06-19,796840.5159641611,796840.5159641611,0,0.20392808188808517,0.0,0.0,
2025-06-20,796840.5159641611,796840.5159641611,0,0.20392808188808517,0.0,0.0,
2025-06-21,796840.5159641611,796840.5159641611,0,0.20392808188808517,0.0,0.0,
2025-06-22,796840.5159641611,796840.5159641611,0,0.20392808188808517,0.0,0.0,
2025-06-23,796840.5159641611,796840.5159641611,0,0.20392808188808517,0.0,0.0,
2025-06-24,796840.5159641611,796840.5159641611,0,0.20392808188808517,0.0,0.0,
2025-06-25,796840.5159641611,796840.5159641611,0,0.20392808188808517,0.0,0.0,
2025-06-26,796840.5159641611,796840.5159641611,0,0.20392808188808517,0.0,0.0,
2025-06-27,796840.5159641611,796840.5159641611,0,0.20392808188808517,0.0,0.0,
2025-06-28,796840.5159641611,796840.5159641611,0,0.20392808188808517,0.0,0.0,
2025-06-29,796840.5159641611,796840.5159641611,0,0.20392808188808517,0.0,0.0,
2025-06-30,796840.5159641611,796840.5159641611,0,0.20392808188808517,0.0,0.0,
2025-07-01,796840.5159641611,796840.5159641611,0,0.20392808188808517,0.0,0.0,
2025-07-02,796840.5159641611,796840.5159641611,0,0.20392808188808517,0.0,0.0,
2025-07-03,796840.5159641611,796840.5159641611,0,0.20392808188808517,0.0,0.0,
2025-07-04,796840.5159641611,796840.5159641611,0,0.20392808188808517,0.0,0.0,
2025-07-05,796840.5159641611,796840.5159641611,0,0.20392808188808517,0.0,0.0,
2025-07-06,796840.5159641611,796840.5159641611,0,0.20392808188808517,0.0,0.0,
2025-07-07,796840.5159641611,796840.5159641611,0,0.20392808188808517,0.0,0.0,
2025-07-08,796840.5159641611,796840.5159641611,0,0.20392808188808517,0.0,0.0,
2025-07-09,796840.5159641611,796840.5159641611,0,0.20392808188808517,0.0,0.0,
2025-07-10,796840.5159641611,796840.5159641611,0,0.20392808188808517,0.0,0.0,
2025-07-11,796840.5159641611,796840.5159641611,0,0.20392808188808517,0.0,0.0,
2025-07-12,796840.5159641611,796840.5159641611,0,0.20392808188808517,0.0,0.0,
2025-07-13,796840.5159641611,796840.5159641611,0,0.20392808188808517,0.0,0.0,
2025-07-14,796840.5159641611,796840.5159641611,0,0.20392808188808517,0.0,0.0,
2025-07-15,796840.5159641611,796840.5159641611,0,0.20392808188808517,0.0,0.0,
2025-07-16,796840.5159641611,796840.5159641611,0,0.20392808188808517,0.0,0.0,
2025-07-17,796840.5159641611,796840.5159641611,0,0.20392808188808517,0.0,0.0,
2025-07-18,796840.5159641611,796840.5159641611,0,0.20392808188808517,0.0,0.0,
2025-07-19,796840.5159641611,796840.5159641611,0,0.20392808188808517,0.0,0.0,
2025-07-20,796840.5159641611,796840.5159641611,0,0.20392808188808517,0.0,0.0,
2025-07-21,796840.5159641611,796840.5159641611,0,0.20392808188808517,0.0,0.0,
2025-07-22,796840.5159641611,796840.5159641611,0,0.20392808188808517,0.0,0.0,
2025-07-23,796840.5159641611,796840.5159641611,0,0.20392808188808517,0.0,0.0,
2025-07-24,796840.5159641611,796840.5159641611,0,0.20392808188808517,0.0,0.0,
2025-07-25,796840.5159641611,796840.5159641611,0,0.20392808188808517,0.0,0.0,
2025-07-26,796840.5159641611,796840.5159641611,0,0.20392808188808517,0.0,0.0,
2025-07-27,796840.5159641611,796840.5159641611,0,0.20392808188808517,0.0,0.0,
2025-07-28,796840.5159641611,796840.5159641611,0,0.20392808188808517,0.0,0.0,
2025-07-29,796840.5159641611,796840.5159641611,0,0.20392808188808517,0.0,0.0,
2025-07-30,796840.5159641611,796840.5159641611,0,0.20392808188808517,0.0,0.0,
2025-07-31,796840.5159641611,796840.5159641611,0,0.20392808188808517,0.0,0.0,
2025-08-01,796840.5159641611,796840.5159641611,0,0.20392808188808517,0.0,0.0,
2025-08-02,796840.5159641611,796840.5159641611,0,0.20392808188808517,0.0,0.0,
2025-08-03,796840.5159641611,796840.5159641611,0,0.20392808188808517,0.0,0.0,
2025-08-04,796840.5159641611,796840.5159641611,0,0.20392808188808517,0.0,0.0,
2025-08-05,796840.5159641611,796840.5159641611,0,0.20392808188808517,0.0,0.0,
2025-08-06,796840.5159641611,796840.5159641611,0,0.20392808188808517,0.0,0.0,
2025-08-07,796840.5159641611,796840.5159641611,0,0.20392808188808517,0.0,0.0,
2025-08-08,796840.5159641611,796840.5159641611,0,0.20392808188808517,0.0,0.0,
2025-08-09,796840.5159641611,796840.5159641611,0,0.20392808188808517,0.0,0.0,
2025-08-10,796840.5159641611,796840.5159641611,0,0.20392808188808517,0.0,0.0,
2025-08-11,796840.5159641611,796840.5159641611,0,0.20392808188808517,0.0,0.0,
2025-08-12,796840.5159641611,796840.5159641611,0,0.20392808188808517,0.0,0.0,
2025-08-13,796840.5159641611,796840.5159641611,0,0.20392808188808517,0.0,0.0,
2025-08-14,796840.5159641611,796840.5159641611,0,0.20392808188808517,0.0,0.0,
2025-08-15,796840.5159641611,796840.5159641611,0,0.20392808188808517,0.0,0.0,
2025-08-16,796840.5159641611,796840.5159641611,0,0.20392808188808517,0.0,0.0,
2025-08-17,796840.5159641611,796840.5159641611,0,0.20392808188808517,0.0,0.0,
2025-08-18,796840.5159641611,796840.5159641611,0,0.20392808188808517,0.0,0.0,
2025-08-19,796840.5159641611,796840.5159641611,0,0.20392808188808517,0.0,0.0,
2025-08-20,796840.5159641611,796840.5159641611,0,0.20392808188808517,0.0,0.0,
2025-08-21,796840.5159641611,796840.5159641611,0,0.20392808188808517,0.0,0.0,
2025-08-22,796840.5159641611,796840.5159641611,0,0.20392808188808517,0.0,0.0,
2025-08-23,796840.5159641611,796840.5159641611,0,0.20392808188808517,0.0,0.0,
2025-08-24,796840.5159641611,796840.5159641611,0,0.20392808188808517,0.0,0.0,
2025-08-25,796840.5159641611,796840.5159641611,0,0.20392808188808517,0.0,0.0,
2025-08-26,796840.5159641611,796840.5159641611,0,0.20392808188808517,0.0,0.0,
2025-08-27,796840.5159641611,796840.5159641611,0,0.20392808188808517,0.0,0.0,
2025-08-28,796840.5159641611,796840.5159641611,0,0.20392808188808517,0.0,0.0,
2025-08-29,796840.5159641611,796840.5159641611,0,0.20392808188808517,0.0,0.0,
2025-08-30,796840.5159641611,796840.5159641611,0,0.20392808188808517,0.0,0.0,
2025-08-31,796840.5159641611,796840.5159641611,0,0.20392808188808517,0.0,0.0,
2025-09-01,796840.5159641611,796840.5159641611,0,0.20392808188808517,0.0,0.0,
2025-09-02,796840.5159641611,796840.5159641611,0,0.20392808188808517,0.0,0.0,
2025-09-03,796840.5159641611,796840.5159641611,0,0.20392808188808517,0.0,0.0,
2025-09-04,796840.5159641611,796840.5159641611,0,0.20392808188808517,0.0,0.0,
2025-09-05,796840.5159641611,796840.5159641611,0,0.20392808188808517,0.0,0.0,
2025-09-06,796840.5159641611,796840.5159641611,0,0.20392808188808517,0.0,0.0,
2025-09-07,796840.5159641611,796840.5159641611,0,0.20392808188808517,0.0,0.0,
2025-09-08,796840.5159641611,796840.5159641611,0,0.20392808188808517,0.0,0.0,
2025-09-09,796840.5159641611,796840.5159641611,0,0.20392808188808517,0.0,0.0,
2025-09-10,796840.5159641611,796840.5159641611,0,0.20392808188808517,0.0,0.0,
2025-09-11,796840.5159641611,796840.5159641611,0,0.20392808188808517,0.0,0.0,
2025-09-12,796840.5159641611,796840.5159641611,0,0.20392808188808517,0.0,0.0,
2025-09-13,796840.5159641611,796840.5159641611,0,0.20392808188808517,0.0,0.0,
2025-09-14,796840.5159641611,796840.5159641611,0,0.20392808188808517,0.0,0.0,
2025-09-15,796840.5159641611,796840.5159641611,0,0.20392808188808517,0.0,0.0,
2025-09-16,796840.5159641611,796840.5159641611,0,0.20392808188808517,0.0,0.0,
2025-09-17,796840.5159641611,796840.5159641611,0,0.20392808188808517,0.0,0.0,
2025-09-18,796840.5159641611,796840.5159641611,0,0.20392808188808517,0.0,0.0,
2025-09-19,796840.5159641611,796840.5159641611,0,0.20392808188808517,0.0,0.0,
2025-09-20,796840.5159641611,796840.5159641611,0,0.20392808188808517,0.0,0.0,
2025-09-21,796840.5159641611,796840.5159641611,0,0.20392808188808517,0.0,0.0,
2025-09-22,796840.5159641611,796840.5159641611,0,0.20392808188808517,0.0,0.0,
2025-09-23,796840.5159641611,796840.5159641611,0,0.20392808188808517,0.0,0.0,
2025-09-24,796840.5159641611,796840.5159641611,0,0.20392808188808517,0.0,0.0,
2025-09-25,796840.5159641611,796840.5159641611,0,0.20392808188808517,0.0,0.0,
2025-09-26,796840.5159641611,796840.5159641611,0,0.20392808188808517,0.0,0.0,
2025-09-27,796840.5159641611,796840.5159641611,0,0.20392808188808517,0.0,0.0,
2025-09-28,796840.5159641611,796840.5159641611,0,0.20392808188808517,0.0,0.0,
2025-09-29,796840.5159641611,796840.5159641611,0,0.20392808188808517,0.0,0.0,
2025-09-30,796840.5159641611,796840.5159641611,0,0.20392808188808517,0.0,0.0,
2025-10-01,796840.5159641611,796840.5159641611,0,0.20392808188808517,0.0,0.0,
2025-10-02,796840.5159641611,796840.5159641611,0,0.20392808188808517,0.0,0.0,
2025-10-03,796840.5159641611,796840.5159641611,0,0.20392808188808517,0.0,0.0,
2025-10-04,796840.5159641611,796840.5159641611,0,0.20392808188808517,0.0,0.0,
2025-10-05,796840.5159641611,796840.5159641611,0,0.20392808188808517,0.0,0.0,
2025-10-06,796840.5159641611,796840.5159641611,0,0.20392808188808517,0.0,0.0,
2025-10-07,796840.5159641611,796840.5159641611,0,0.20392808188808517,0.0,0.0,
2025-10-08,796840.5159641611,796840.5159641611,0,0.20392808188808517,0.0,0.0,
2025-10-09,796840.5159641611,796840.5159641611,0,0.20392808188808517,0.0,0.0,
2025-10-10,796840.5159641611,796840.5159641611,0,0.20392808188808517,0.0,0.0,
2025-10-11,796840.5159641611,796840.5159641611,0,0.20392808188808517,0.0,0.0,
2025-10-12,796840.5159641611,796840.5159641611,0,0.20392808188808517,0.0,0.0,
2025-10-13,796840.5159641611,796840.5159641611,0,0.20392808188808517,0.0,0.0,
2025-10-14,796840.5159641611,796840.5159641611,0,0.20392808188808517,0.0,0.0,
2025-10-15,796840.5159641611,796840.5159641611,0,0.20392808188808517,0.0,0.0,
2025-10-16,796840.5159641611,796840.5159641611,0,0.20392808188808517,0.0,0.0,
2025-10-17,796840.5159641611,796840.5159641611,0,0.20392808188808517,0.0,0.0,
2025-10-18,796840.5159641611,796840.5159641611,0,0.20392808188808517,0.0,0.0,
2025-10-19,796840.5159641611,796840.5159641611,0,0.20392808188808517,0.0,0.0,
2025-10-20,796840.5159641611,796840.5159641611,0,0.20392808188808517,0.0,0.0,
2025-10-21,796840.5159641611,796840.5159641611,0,0.20392808188808517,0.0,0.0,
2025-10-22,796840.5159641611,796840.5159641611,0,0.20392808188808517,0.0,0.0,
2025-10-23,796840.5159641611,796840.5159641611,0,0.20392808188808517,0.0,0.0,
2025-10-24,796840.5159641611,796840.5159641611,0,0.20392808188808517,0.0,0.0,
2025-10-25,796840.5159641611,796840.5159641611,0,0.20392808188808517,0.0,0.0,
2025-10-26,796840.5159641611,796840.5159641611,0,0.20392808188808517,0.0,0.0,
2025-10-27,796840.5159641611,796840.5159641611,0,0.20392808188808517,0.0,0.0,
2025-10-28,796840.5159641611,796840.5159641611,0,0.20392808188808517,0.0,0.0,
2025-10-29,796840.5159641611,796840.5159641611,0,0.20392808188808517,0.0,0.0,
2025-10-30,796840.5159641611,796840.5159641611,0,0.20392808188808517,0.0,0.0,
2025-10-31,796840.5159641611,796840.5159641611,0,0.20392808188808517,0.0,0.0,
2025-11-01,796840.5159641611,796840.5159641611,0,0.20392808188808517,0.0,0.0,
2025-11-02,796840.5159641611,796840.5159641611,0,0.20392808188808517,0.0,0.0,
2025-11-03,796840.5159641611,796840.5159641611,0,0.20392808188808517,0.0,0.0,
2025-11-04,796840.5159641611,796840.5159641611,0,0.20392808188808517,0.0,0.0,
2025-11-05,796840.5159641611,796840.5159641611,0,0.20392808188808517,0.0,0.0,
2025-11-06,796840.5159641611,796840.5159641611,0,0.20392808188808517,0.0,0.0,
2025-11-07,796840.5159641611,796840.5159641611,0,0.20392808188808517,0.0,0.0,
2025-11-08,796840.5159641611,796840.5159641611,0,0.20392808188808517,0.0,0.0,
2025-11-09,796840.5159641611,796840.5159641611,0,0.20392808188808517,0.0,0.0,
2025-11-10,796840.5159641611,796840.5159641611,0,0.20392808188808517,0.0,0.0,
2025-11-11,796840.5159641611,796840.5159641611,0,0.20392808188808517,0.0,0.0,
2025-11-12,796840.5159641611,796840.5159641611,0,0.20392808188808517,0.0,0.0,
2025-11-13,796840.5159641611,796840.5159641611,0,0.20392808188808517,0.0,0.0,
2025-11-14,796840.5159641611,796840.5159641611,0,0.20392808188808517,0.0,0.0,
2025-11-15,796840.5159641611,796840.5159641611,0,0.20392808188808517,0.0,0.0,
2025-11-16,796840.5159641611,796840.5159641611,0,0.20392808188808517,0.0,0.0,
2025-11-17,796840.5159641611,796840.5159641611,0,0.20392808188808517,0.0,0.0,
2025-11-18,796840.5159641611,796840.5159641611,0,0.20392808188808517,0.0,0.0,
2025-11-19,796840.5159641611,796840.5159641611,0,0.20392808188808517,0.0,0.0,
2025-11-20,796840.5159641611,796840.5159641611,0,0.20392808188808517,0.0,0.0,
2025-11-21,796840.5159641611,796840.5159641611,0,0.20392808188808517,0.0,0.0,
2025-11-22,796840.5159641611,796840.5159641611,0,0.20392808188808517,0.0,0.0,
2025-11-23,796840.5159641611,796840.5159641611,0,0.20392808188808517,0.0,0.0,
2025-11-24,796840.5159641611,796840.5159641611,0,0.20392808188808517,0.0,0.0,
2025-11-25,796840.5159641611,796840.5159641611,0,0.20392808188808517,0.0,0.0,
2025-11-26,796840.5159641611,796840.5159641611,0,0.20392808188808517,0.0,0.0,
2025-11-27,796840.5159641611,796840.5159641611,0,0.20392808188808517,0.0,0.0,
2025-11-28,796840.5159641611,796840.5159641611,0,0.20392808188808517,0.0,0.0,
2025-11-29,796840.5159641611,796840.5159641611,0,0.20392808188808517,0.0,0.0,
2025-11-30,796840.5159641611,796840.5159641611,0,0.20392808188808517,0.0,0.0,
2025-12-01,796840.5159641611,796840.5159641611,0,0.20392808188808517,0.0,0.0,
2025-12-02,796840.5159641611,796840.5159641611,0,0.20392808188808517,0.0,0.0,
2025-12-03,796840.5159641611,796840.5159641611,0,0.20392808188808517,0.0,0.0,
2025-12-04,796840.5159641611,796840.5159641611,0,0.20392808188808517,0.0,0.0,
2025-12-05,796840.5159641611,796840.5159641611,0,0.20392808188808517,0.0,0.0,
2025-12-06,796840.5159641611,796840.5159641611,0,0.20392808188808517,0.0,0.0,
2025-12-07,796840.5159641611,796840.5159641611,0,0.20392808188808517,0.0,0.0,
2025-12-08,796840.5159641611,796840.5159641611,0,0.20392808188808517,0.0,0.0,
2025-12-09,796840.5159641611,796840.5159641611,0,0.20392808188808517,0.0,0.0,
2025-12-10,796840.5159641611,796840.5159641611,0,0.20392808188808517,0.0,0.0,
2025-12-11,796840.5159641611,796840.5159641611,0,0.20392808188808517,0.0,0.0,
2025-12-12,796840.5159641611,796840.5159641611,0,0.20392808188808517,0.0,0.0,
2025-12-13,796840.5159641611,796840.5159641611,0,0.20392808188808517,0.0,0.0,
2025-12-14,796840.5159641611,796840.5159641611,0,0.20392808188808517,0.0,0.0,
2025-12-15,796840.5159641611,796840.5159641611,0,0.20392808188808517,0.0,0.0,
2025-12-16,796840.5159641611,796840.5159641611,0,0.20392808188808517,0.0,0.0,
2025-12-17,796840.5159641611,796840.5159641611,0,0.20392808188808517,0.0,0.0,
2025-12-18,796840.5159641611,796840.5159641611,0,0.20392808188808517,0.0,0.0,
2025-12-19,796840.5159641611,796840.5159641611,0,0.20392808188808517,0.0,0.0,
2025-12-20,796840.5159641611,796840.5159641611,0,0.20392808188808517,0.0,0.0,
2025-12-21,796840.5159641611,796840.5159641611,0,0.20392808188808517,0.0,0.0,
2025-12-22,796840.5159641611,796840.5159641611,0,0.20392808188808517,0.0,0.0,
2025-12-23,796840.5159641611,796840.5159641611,0,0.20392808188808517,0.0,0.0,
2025-12-24,796840.5159641611,796840.5159641611,0,0.20392808188808517,0.0,0.0,
2025-12-25,796840.5159641611,796840.5159641611,0,0.20392808188808517,0.0,0.0,
2025-12-26,796840.5159641611,796840.5159641611,0,0.20392808188808517,0.0,0.0,
2025-12-27,796840.5159641611,796840.5159641611,0,0.20392808188808517,0.0,0.0,
2025-12-28,796840.5159641611,796840.5159641611,0,0.20392808188808517,0.0,0.0,
2025-12-29,796840.5159641611,796840.5159641611,0,0.20392808188808517,0.0,0.0,
2025-12-30,796840.5159641611,796840.5159641611,0,0.20392808188808517,0.0,0.0,
2025-12-31,796840.5159641611,796840.5159641611,0,0.20392808188808517,0.0,0.0,
2026-01-01,796840.5159641611,796840.5159641611,0,0.20392808188808517,0.0,0.0,
2026-01-02,796840.5159641611,796840.5159641611,0,0.20392808188808517,0.0,0.0,
2026-01-03,796840.5159641611,796840.5159641611,0,0.20392808188808517,0.0,0.0,
2026-01-04,796840.5159641611,796840.5159641611,0,0.20392808188808517,0.0,0.0,
2026-01-05,796840.5159641611,796840.5159641611,0,0.20392808188808517,0.0,0.0,
2026-01-06,796840.5159641611,796840.5159641611,0,0.20392808188808517,0.0,0.0,
2026-01-07,796840.5159641611,796840.5159641611,0,0.20392808188808517,0.0,0.0,
2026-01-08,796840.5159641611,796840.5159641611,0,0.20392808188808517,0.0,0.0,
2026-01-09,796840.5159641611,796840.5159641611,0,0.20392808188808517,0.0,0.0,
2026-01-10,796840.5159641611,796840.5159641611,0,0.20392808188808517,0.0,0.0,
2026-01-11,796840.5159641611,796840.5159641611,0,0.20392808188808517,0.0,0.0,
2026-01-12,796840.5159641611,796840.5159641611,0,0.20392808188808517,0.0,0.0,
2026-01-13,796840.5159641611,796840.5159641611,0,0.20392808188808517,0.0,0.0,
2026-01-14,796840.5159641611,796840.5159641611,0,0.20392808188808517,0.0,0.0,
2026-01-15,796840.5159641611,796840.5159641611,0,0.20392808188808517,0.0,0.0,
2026-01-16,796840.5159641611,796840.5159641611,0,0.20392808188808517,0.0,0.0,
2026-01-17,796840.5159641611,796840.5159641611,0,0.20392808188808517,0.0,0.0,
2026-01-18,796840.5159641611,796840.5159641611,0,0.20392808188808517,0.0,0.0,
2026-01-19,796840.5159641611,796840.5159641611,0,0.20392808188808517,0.0,0.0,
2026-01-20,796840.5159641611,796840.5159641611,0,0.20392808188808517,0.0,0.0,
2026-01-21,796840.5159641611,796840.5159641611,0,0.20392808188808517,0.0,0.0,
2026-01-22,796840.5159641611,796840.5159641611,0,0.20392808188808517,0.0,0.0,
2026-01-23,796840.5159641611,796840.5159641611,0,0.20392808188808517,0.0,0.0,
2026-01-24,796840.5159641611,796840.5159641611,0,0.20392808188808517,0.0,0.0,
2026-01-25,796840.5159641611,796840.5159641611,0,0.20392808188808517,0.0,0.0,
2026-01-26,796840.5159641611,796840.5159641611,0,0.20392808188808517,0.0,0.0,
2026-01-27,796840.5159641611,796840.5159641611,0,0.20392808188808517,0.0,0.0,
2026-01-28,796840.5159641611,796840.5159641611,0,0.20392808188808517,0.0,0.0,
2026-01-29,796840.5159641611,796840.5159641611,0,0.20392808188808517,0.0,0.0,
2026-01-30,796840.5159641611,796840.5159641611,0,0.20392808188808517,0.0,0.0,
2026-01-31,796840.5159641611,796840.5159641611,0,0.20392808188808517,0.0,0.0,
2026-02-01,796840.5159641611,796840.5159641611,0,0.20392808188808517,0.0,0.0,
2026-02-02,796840.5159641611,796840.5159641611,0,0.20392808188808517,0.0,0.0,
2026-02-03,796840.5159641611,796840.5159641611,0,0.20392808188808517,0.0,0.0,
2026-02-04,796840.5159641611,796840.5159641611,0,0.20392808188808517,0.0,0.0,
2026-02-05,796840.5159641611,796840.5159641611,0,0.20392808188808517,0.0,0.0,
2026-02-06,796840.5159641611,796840.5159641611,0,0.20392808188808517,0.0,0.0,
2026-02-07,796840.5159641611,796840.5159641611,0,0.20392808188808517,0.0,0.0,
2026-02-08,796840.5159641611,796840.5159641611,0,0.20392808188808517,0.0,0.0,
2026-02-09,796840.5159641611,796840.5159641611,0,0.20392808188808517,0.0,0.0,
2026-02-10,796840.5159641611,796840.5159641611,0,0.20392808188808517,0.0,0.0,
2026-02-11,796840.5159641611,796840.5159641611,0,0.20392808188808517,0.0,0.0,
2026-02-12,796840.5159641611,796840.5159641611,0,0.20392808188808517,0.0,0.0,
2026-02-13,796840.5159641611,796840.5159641611,0,0.20392808188808517,0.0,0.0,
2026-02-14,796840.5159641611,796840.5159641611,0,0.20392808188808517,0.0,0.0,
2026-02-15,796840.5159641611,796840.5159641611,0,0.20392808188808517,0.0,0.0,
2026-02-16,796840.5159641611,796840.5159641611,0,0.20392808188808517,0.0,0.0,
2026-02-17,796840.5159641611,796840.5159641611,0,0.20392808188808517,0.0,0.0,
2026-02-18,796840.5159641611,796840.5159641611,0,0.20392808188808517,0.0,0.0,
2026-02-19,796840.5159641611,796840.5159641611,0,0.20392808188808517,0.0,0.0,
2026-02-20,796840.5159641611,796840.5159641611,0,0.20392808188808517,0.0,0.0,
2026-02-21,796840.5159641611,796840.5159641611,0,0.20392808188808517,0.0,0.0,
2026-02-22,796840.5159641611,796840.5159641611,0,0.20392808188808517,0.0,0.0,
2026-02-23,796840.5159641611,796840.5159641611,0,0.20392808188808517,0.0,0.0,
2026-02-24,796840.5159641611,796840.5159641611,0,0.20392808188808517,0.0,0.0,
2026-02-25,796840.5159641611,796840.5159641611,0,0.20392808188808517,0.0,0.0,
2026-02-26,796840.5159641611,796840.5159641611,0,0.20392808188808517,0.0,0.0,
2026-02-27,796840.5159641611,796840.5159641611,0,0.20392808188808517,0.0,0.0,
2026-02-28,796840.5159641611,796840.5159641611,0,0.20392808188808517,0.0,0.0,
2026-03-01,796840.5159641611,796840.5159641611,0,0.20392808188808517,0.0,0.0,
2026-03-02,796840.5159641611,796840.5159641611,0,0.20392808188808517,0.0,0.0,
2026-03-03,796840.5159641611,796840.5159641611,0,0.20392808188808517,0.0,0.0,
2026-03-04,796840.5159641611,796840.5159641611,0,0.20392808188808517,0.0,0.0,
2026-03-05,796840.5159641611,796840.5159641611,0,0.20392808188808517,0.0,0.0,
2026-03-06,796840.5159641611,796840.5159641611,0,0.20392808188808517,0.0,0.0,
2026-03-07,796840.5159641611,796840.5159641611,0,0.20392808188808517,0.0,0.0,
2026-03-08,796840.5159641611,796840.5159641611,0,0.20392808188808517,0.0,0.0,
2026-03-09,796840.5159641611,796840.5159641611,0,0.20392808188808517,0.0,0.0,
2026-03-10,796840.5159641611,796840.5159641611,0,0.20392808188808517,0.0,0.0,
2026-03-11,796840.5159641611,796840.5159641611,0,0.20392808188808517,0.0,0.0,
2026-03-12,796840.5159641611,796840.5159641611,0,0.20392808188808517,0.0,0.0,
2026-03-13,796840.5159641611,796840.5159641611,0,0.20392808188808517,0.0,0.0,
2026-03-14,796840.5159641611,796840.5159641611,0,0.20392808188808517,0.0,0.0,
2026-03-15,796840.5159641611,796840.5159641611,0,0.20392808188808517,0.0,0.0,
2026-03-16,796840.5159641611,796840.5159641611,0,0.20392808188808517,0.0,0.0,
2026-03-17,796840.5159641611,796840.5159641611,0,0.20392808188808517,0.0,0.0,
2026-03-18,796840.5159641611,796840.5159641611,0,0.20392808188808517,0.0,0.0,
2026-03-19,796840.5159641611,796840.5159641611,0,0.20392808188808517,0.0,0.0,
2026-03-20,796840.5159641611,796840.5159641611,0,0.20392808188808517,0.0,0.0,
2026-03-21,796840.5159641611,796840.5159641611,0,0.20392808188808517,0.0,0.0,
2026-03-22,796840.5159641611,796840.5159641611,0,0.20392808188808517,0.0,0.0,
2026-03-23,796840.5159641611,796840.5159641611,0,0.20392808188808517,0.0,0.0,
2026-03-24,796840.5159641611,796840.5159641611,0,0.20392808188808517,0.0,0.0,
2026-03-25,796840.5159641611,796840.5159641611,0,0.20392808188808517,0.0,0.0,
2026-03-26,796840.5159641611,796840.5159641611,0,0.20392808188808517,0.0,0.0,
2026-03-27,796840.5159641611,796840.5159641611,0,0.20392808188808517,0.0,0.0,
2026-03-28,796840.5159641611,796840.5159641611,0,0.20392808188808517,0.0,0.0,
2026-03-29,796840.5159641611,796840.5159641611,0,0.20392808188808517,0.0,0.0,
