{
  "total_trades": 15,
  "win_rate": 60.0,
  "profit_factor": 0.7224831288855761,
  "total_return_pct": -4.430189585169428,
  "max_drawdown_pct": 9.184473306731858,
  "sharpe_ratio": -1.534683972007985,
  "sortino_ratio": -0.383112836486791,
  "calmar_ratio": -0.4823564114364917,
  "avg_trade_return": -0.3168636139056217,
  "avg_win": 1.5170467065141093,
  "avg_loss": -3.0677290945352182,
  "avg_trade_duration": 0.0,
  "max_trade_duration": 0.0,
  "min_trade_duration": 0.0,
  "long_trades": 5,
  "short_trades": 10,
  "final_capital": 9556.981041483057,
  "initial_capital": 10000.0
}