{
  "total_trades": 4,
  "win_rate": 100.0,
  "profit_factor": Infinity,
  "total_return_pct": 4.459983801887247,
  "max_drawdown_pct": 1.528020730819551,
  "sharpe_ratio": 6.766575509347428,
  "avg_trade_return": 2.1510380521442913,
  "avg_win": 2.1510380521442913,
  "avg_loss": 0,
  "final_capital": 10445.998380188725,
  "initial_capital": 10000.0
}