{
    "Sharpe Ratio": -35.265824621863075,
    "Sortino Ratio": -43.133413860376265,
    "Max Drawdown": 0.0004737633686226036,
    "Win Rate": 0.0,
    "Total PnL": -47.299780812405515,
    "Total Trades": 240
}